Time:2,End Time,Feature 1,Feature 2,Event Id,Event Date,Event Duration
9.9218750000,10.4218750000,0.0971071211,0.0716940026,,,
10.0214843750,10.5214843750,0.1183281144,0.0488930876,,,
10.1210937500,10.6210937500,0.1523649499,0.0269360159,,,
10.2207031250,10.7207031250,0.1594734393,0.0219184812,,,
10.3203125000,10.8203125000,0.1446255041,0.0329114167,,,
10.4199218750,10.9199218750,0.1029115079,0.0514923210,,,
10.5195312500,11.0195312500,0.0638685566,0.0694883309,,,
10.6191406250,11.1191406250,0.0275514633,0.0910506765,,,
10.7187500000,11.2187500000,0.0219172332,0.1098340479,,,
10.8183593750,11.3183593750,0.0339625024,0.1197803060,,,
10.9179687500,11.4179687500,0.0412791610,0.1258625936,,,
11.0175781250,11.5175781250,0.0420145994,0.1273328225,,,
11.1171875000,11.6171875000,0.0398028405,0.1240602766,,,
11.2167968750,11.7167968750,0.0451533414,0.1056431022,,,
11.3164062500,11.8164062500,0.0517617902,0.0857829721,,,
11.4160156250,11.9160156250,0.0537427688,0.0616737574,,,
11.5156250000,12.0156250000,0.0607081999,0.0461035087,,,
11.6152343750,12.1152343750,0.0959723732,0.0295766862,,,
11.7148437500,12.2148437500,0.1234872561,0.0260519655,,,
11.8144531250,12.3144531250,0.1374042608,0.0280876594,,,
11.9140625000,12.4140625000,0.1356592075,0.0331340940,,,
12.0136718750,12.5136718750,0.1363553358,0.0336055824,,,
12.1132812500,12.6132812500,0.1401842995,0.0310769474,,,
12.2128906250,12.7128906250,0.1922239201,0.0260667094,,,
12.3125000000,12.8125000000,0.2384186915,0.0201240796,,,
12.4121093750,12.9121093750,0.2848349444,0.0123492601,,,
12.5117187500,13.0117187500,0.2899822660,0.0084482954,,,
12.6113281250,13.1113281250,0.2612369656,0.0104236479,,,
12.7109375000,13.2109375000,0.1870971710,0.0236204309,,,
12.8105468750,13.3105468750,0.1202625906,0.0557432501,,,
12.9101562500,13.4101562500,0.0685094972,0.1105374621,,,
13.0097656250,13.5097656250,0.0618066545,0.1473048670,,,
13.1093750000,13.6093750000,0.0771691558,0.1663759166,,,
13.2089843750,13.7089843750,0.0840654025,0.1592286766,,,
13.3085937500,13.8085937500,0.0933808744,0.1322050939,,,
13.4082031250,13.9082031250,0.1181779266,0.0794866871,,,
13.5078125000,14.0078125000,0.1633726535,0.0385594857,,,
13.6074218750,14.1074218750,0.2088168141,0.0124316705,,,
13.7070312500,14.2070312500,0.2939942513,0.0087751972,,,
13.8066406250,14.3066406250,0.3861792434,0.0224763733,,,
13.9062500000,14.4062500000,0.4689251613,0.0536480836,,,
14.0058593750,14.5058593750,0.5318555225,0.0904612661,,,
14.1054687500,14.6054687500,0.5370309348,0.1167845800,,,
14.2050781250,14.7050781250,0.4856888849,0.1370474089,,,
14.3046875000,14.8046875000,0.3840241738,0.1393562211,,,
14.4042968750,14.9042968750,0.2762110552,0.1341908859,,,
14.5039062500,15.0039062500,0.1726766642,0.1156501960,,,
14.6035156250,15.1035156250,0.1371120660,0.1055009722,,,
14.7031250000,15.2031250000,0.1383839239,0.0980050181,,,
14.8027343750,15.3027343750,0.1599379944,0.1059093122,,,
14.9023437500,15.4023437500,0.1777849818,0.1269552161,,,
15.0019531250,15.5019531250,0.1541099952,0.1651328815,,,
15.1015625000,15.6015625000,0.1217298222,0.1898196924,,,
15.2011718750,15.7011718750,0.0906494662,0.2051921420,,,
15.3007812500,15.8007812500,0.0896650527,0.1937050433,,,
15.4003906250,15.9003906250,0.0851101624,0.1583091517,,,
15.5000000000,16.0000000000,0.0976648900,0.1062993475,,,
15.5996093750,16.0996093750,0.1245971172,0.0830679440,,,
15.6992187500,16.1992187500,0.1813132712,0.0713179957,,,
15.7988281250,16.2988281250,0.2319058953,0.0791193849,,,
15.8984375000,16.3984375000,0.2987404414,0.0815697109,,,
15.9980468750,16.4980468750,0.3282137132,0.0761509738,,,
16.0976562500,16.5976562500,0.3521248695,0.0654777830,,,
16.1972656250,16.6972656250,0.3304958701,0.0855707564,,,
16.2968750000,16.7968750000,0.3127990331,0.1225692874,,,
16.3964843750,16.8964843750,0.2996910868,0.1620352998,,,
21.9218750000,22.4218750000,0.0414509227,0.0824346013,,,
22.0214843750,22.5214843750,0.0582773847,0.0565954271,,,
22.1210937500,22.6210937500,0.0901697477,0.0382710898,,,
22.2207031250,22.7207031250,0.1289900683,0.0404555535,,,
22.3203125000,22.8203125000,0.1632308909,0.0596540152,,,
22.4199218750,22.9199218750,0.1816983703,0.0921661201,,,
22.5195312500,23.0195312500,0.1670893783,0.1360949041,,,
22.6191406250,23.1191406250,0.1323694328,0.1927262456,,,
22.7187500000,23.2187500000,0.0870413469,0.2409877633,,,
22.8183593750,23.3183593750,0.0507037766,0.2608339950,,,
22.9179687500,23.4179687500,0.0332465525,0.2563212376,,,
23.0175781250,23.5175781250,0.0635131988,0.2265345400,,,
23.1171875000,23.6171875000,0.1446801543,0.1964779907,,,
23.2167968750,23.7167968750,0.2564748704,0.1719716048,,,
23.3164062500,23.8164062500,0.3392185407,0.1740062744,,,
23.4160156250,23.9160156250,0.4037944616,0.2140486804,,,
23.5156250000,24.0156250000,0.4500089620,0.2506320415,,,
23.6152343750,24.1152343750,0.4336662556,0.2542856638,,,
23.7148437500,24.2148437500,0.3590416281,0.2452202707,,,
23.8144531250,24.3144531250,0.2764136555,0.2250166585,,,
23.9140625000,24.4140625000,0.2178573707,0.1769931617,,,
24.0136718750,24.5136718750,0.2083610605,0.1356723724,,,
24.1132812500,24.6132812500,0.2773401769,0.1054808989,,,
24.2128906250,24.7128906250,0.3315350126,0.0715390106,,,
24.3125000000,24.8125000000,0.3757969994,0.0423845578,,,
24.4121093750,24.9121093750,0.3867866575,0.0253304663,,,
24.5117187500,25.0117187500,0.3511195190,0.0090127124,,,
24.6113281250,25.1113281250,0.2624915411,0.0042191387,,,
24.7109375000,25.2109375000,0.2039490643,0.0148432590,,,
24.8105468750,25.3105468750,0.1574781915,0.0415991459,,,
24.9101562500,25.4101562500,0.1144427382,0.0612790994,,,
25.0097656250,25.5097656250,0.0818238157,0.0714642676,,,
25.1093750000,25.6093750000,0.0746790655,0.0714757424,,,
25.2089843750,25.7089843750,0.1010619697,0.0750775493,,,
25.3085937500,25.8085937500,0.1537662335,0.0680829368,,,
25.4082031250,25.9082031250,0.1914650700,0.0646882939,,,
25.5078125000,26.0078125000,0.2024046110,0.0709885322,,,
25.6074218750,26.1074218750,0.1928285629,0.0799493852,,,
25.7070312500,26.2070312500,0.1981031583,0.0716389823,,,
25.8066406250,26.3066406250,0.2002065431,0.0526149693,,,
25.9062500000,26.4062500000,0.2143868056,0.0370449166,,,
26.0058593750,26.5058593750,0.2288599099,0.0213220911,,,
26.1054687500,26.6054687500,0.2241168890,0.0133453407,,,
26.2050781250,26.7050781250,0.1769449928,0.0131194682,,,
26.3046875000,26.8046875000,0.1099282753,0.0192661905,,,
26.4042968750,26.9042968750,0.0640805505,0.0238797014,,,
26.5039062500,27.0039062500,0.0643257917,0.0275505066,,,
26.6035156250,27.1035156250,0.1049371537,0.0305090479,,,
26.7031250000,27.2031250000,0.1596418624,0.0335000437,,,
26.8027343750,27.3027343750,0.2058046987,0.0338444429,,,
26.9023437500,27.4023437500,0.2299778707,0.0390282620,,,
27.0019531250,27.5019531250,0.2375648132,0.0545501615,,,
27.1015625000,27.6015625000,0.2214841285,0.0905891951,,,
27.2011718750,27.7011718750,0.1926378662,0.1225944713,,,
27.3007812500,27.8007812500,0.1702075806,0.1244409697,,,
27.4003906250,27.9003906250,0.1716470562,0.1223354335,,,
27.5000000000,28.0000000000,0.1971567407,0.1555588708,,,
27.5996093750,28.0996093750,0.2657047833,0.2232701185,,,
27.6992187500,28.1992187500,0.3368815757,0.3496492201,,,
27.7988281250,28.2988281250,0.4021069284,0.4698354603,,,
27.8984375000,28.3984375000,0.4198712046,0.5408550868,,,
27.9980468750,28.4980468750,0.3973760327,0.5489563733,,,
28.0976562500,28.5976562500,0.3443786593,0.4839976497,,,
28.1972656250,28.6972656250,0.3121659776,0.3543982995,,,
28.2968750000,28.7968750000,0.2646949372,0.2396178555,,,
28.3964843750,28.8964843750,0.2604090266,0.1961788666,,,
45.9218750000,46.4218750000,0.3782222846,0.1505866136,,,
46.0214843750,46.5214843750,0.3630253079,0.1456272337,,,
46.1210937500,46.6210937500,0.3038378283,0.1219220234,,,
46.2207031250,46.7207031250,0.2430786909,0.0906377755,,,
46.3203125000,46.8203125000,0.2144337514,0.0689558632,,,
46.4199218750,46.9199218750,0.2394000162,0.0636690985,,,
46.5195312500,47.0195312500,0.2871508320,0.0826996397,,,
46.6191406250,47.1191406250,0.3130319789,0.1139768004,,,
46.7187500000,47.2187500000,0.3471147347,0.1374709852,,,
46.8183593750,47.3183593750,0.3832617277,0.1514821590,,,
46.9179687500,47.4179687500,0.4178990917,0.1628052120,,,
47.0175781250,47.5175781250,0.4107371777,0.1848286492,,,
47.1171875000,47.6171875000,0.3911708858,0.1948322626,,,
47.2167968750,47.7167968750,0.3326335168,0.2075677232,,,
47.3164062500,47.8164062500,0.2835746057,0.2297864889,,,
47.4160156250,47.9160156250,0.2279004393,0.2422897855,,,
47.5156250000,48.0156250000,0.2072623973,0.2248668681,,,
47.6152343750,48.1152343750,0.2207581046,0.2058862125,,,
47.7148437500,48.2148437500,0.2383164933,0.1855039446,,,
47.8144531250,48.3144531250,0.2231011181,0.1496076658,,,
47.9140625000,48.4140625000,0.1658767678,0.1058175473,,,
48.0136718750,48.5136718750,0.1089639802,0.0778567994,,,
48.1132812500,48.6132812500,0.0563608531,0.0613005566,,,
48.2128906250,48.7128906250,0.0486910244,0.0548987136,,,
48.3125000000,48.8125000000,0.0546089055,0.0486705361,,,
48.4121093750,48.9121093750,0.0612119000,0.0414292690,,,
48.5117187500,49.0117187500,0.0603556551,0.0489795813,,,
48.6113281250,49.1113281250,0.0553511905,0.0671744784,,,
48.7109375000,49.2109375000,0.0537241340,0.0949590874,,,
48.8105468750,49.3105468750,0.0753711862,0.1390212995,,,
48.9101562500,49.4101562500,0.0946157823,0.1803170984,,,
49.0097656250,49.5097656250,0.1089783906,0.2143391592,,,
49.1093750000,49.6093750000,0.1110601972,0.2384273829,,,
49.2089843750,49.7089843750,0.1023142581,0.2308656984,,,
49.3085937500,49.8085937500,0.0968288035,0.2074635076,,,
49.4082031250,49.9082031250,0.1692107763,0.1816087662,,,
49.5078125000,50.0078125000,0.2926910866,0.1462099856,,,
49.6074218750,50.1074218750,0.4415608490,0.0965951459,,,
49.7070312500,50.2070312500,0.5852839180,0.0684256921,,,
49.8066406250,50.3066406250,0.6479061708,0.0551947649,,,
49.9062500000,50.4062500000,0.6442385989,0.0649539262,,,
50.0058593750,50.5058593750,0.5629154001,0.0833636331,,,
50.1054687500,50.6054687500,0.4416919616,0.1051935325,,,
50.2050781250,50.7050781250,0.2752971819,0.1077990083,,,
50.3046875000,50.8046875000,0.1805421523,0.0999470147,,,
50.4042968750,50.9042968750,0.1094961278,0.1013543108,,,
50.5039062500,51.0039062500,0.0888018431,0.1220166378,,,
50.6035156250,51.1035156250,0.0863697544,0.1541506646,,,
50.7031250000,51.2031250000,0.0978536405,0.1719714744,,,
50.8027343750,51.3027343750,0.1094990895,0.1826088832,,,
50.9023437500,51.4023437500,0.1081069950,0.1608037259,,,
51.0019531250,51.5019531250,0.0994648455,0.1182829843,,,
51.1015625000,51.6015625000,0.1085969158,0.0605264259,,,
51.2011718750,51.7011718750,0.1406288941,0.0364727555,,,
51.3007812500,51.8007812500,0.1909788266,0.0311453641,,,
51.4003906250,51.9003906250,0.2839270163,0.0525338260,,,
51.5000000000,52.0000000000,0.3560908703,0.1046454776,,,
51.5996093750,52.0996093750,0.4143117544,0.1721790265,,,
51.6992187500,52.1992187500,0.4140634563,0.2400464108,,,
51.7988281250,52.2988281250,0.3744173354,0.2598412580,,,
51.8984375000,52.3984375000,0.2854084407,0.2467709374,,,
51.9980468750,52.4980468750,0.2102844678,0.1968646096,,,
52.0976562500,52.5976562500,0.1295261813,0.1388240182,,,
52.1972656250,52.6972656250,0.1018076723,0.0779650550,,,
52.2968750000,52.7968750000,0.1206547348,0.0657144608,,,
52.3964843750,52.8964843750,0.1834720448,0.0747333664,,,
57.9218750000,58.4218750000,0.1939259967,0.0594647711,,,
58.0214843750,58.5214843750,0.2116099688,0.0375664473,,,
58.1210937500,58.6210937500,0.2075212605,0.0238064257,,,
58.2207031250,58.7207031250,0.1599065335,0.0230957770,,,
58.3203125000,58.8203125000,0.0960558456,0.0332935429,,,
58.4199218750,58.9199218750,0.0557731105,0.0399649462,,,
58.5195312500,59.0195312500,0.0387785600,0.0434036770,,,
58.6191406250,59.1191406250,0.0359058696,0.0465062606,,,
58.7187500000,59.2187500000,0.0592324435,0.0556339053,,,
58.8183593750,59.3183593750,0.1298824900,0.0576786083,,,
58.9179687500,59.4179687500,0.2833451479,0.0666685875,,,
59.0175781250,59.5175781250,0.4208574089,0.0719389053,,,
59.1171875000,59.6171875000,0.5021510531,0.0728791429,,,
59.2167968750,59.7167968750,0.5293146617,0.0624949205,,,
59.3164062500,59.8164062500,0.4921643669,0.0772557454,,,
59.4160156250,59.9160156250,0.4118186551,0.1113360215,,,
59.5156250000,60.0156250000,0.3744310401,0.1722517297,,,
59.6152343750,60.1152343750,0.4342723526,0.2166838812,,,
59.7148437500,60.2148437500,0.6040406892,0.2513074159,,,
59.8144531250,60.3144531250,0.7675986243,0.2326216500,,,
59.9140625000,60.4140625000,0.8502809962,0.1936758589,,,
60.0136718750,60.5136718750,0.8659832142,0.1430987565,,,
60.1132812500,60.6132812500,0.8123043918,0.1262619922,,,
60.2128906250,60.7128906250,0.6769570917,0.1553486267,,,
60.3125000000,60.8125000000,0.5082952249,0.1957642588,,,
60.4121093750,60.9121093750,0.3686543989,0.2073685133,,,
60.5117187500,61.0117187500,0.2591017216,0.2024648718,,,
60.6113281250,61.1113281250,0.2388225810,0.2328701089,,,
60.7109375000,61.2109375000,0.2836946795,0.3095082465,,,
60.8105468750,61.3105468750,0.3362841183,0.3676733114,,,
60.9101562500,61.4101562500,0.3695859642,0.4195331306,,,
61.0097656250,61.5097656250,0.3761045806,0.4250906111,,,
61.1093750000,61.6093750000,0.3766725386,0.3851760924,,,
61.2089843750,61.7089843750,0.3561003783,0.2656111207,,,
61.3085937500,61.8085937500,0.3610858066,0.1761650856,,,
61.4082031250,61.9082031250,0.3889410512,0.1222599345,,,
61.5078125000,62.0078125000,0.4516034076,0.1244563646,,,
61.6074218750,62.1074218750,0.4750947843,0.1249572962,,,
61.7070312500,62.2070312500,0.4915267443,0.1169910372,,,
61.8066406250,62.3066406250,0.4548389836,0.1012506198,,,
61.9062500000,62.4062500000,0.3993484633,0.0892949262,,,
62.0058593750,62.5058593750,0.3145230099,0.0883061377,,,
62.1054687500,62.6054687500,0.2637642781,0.0931952668,,,
62.2050781250,62.7050781250,0.2388816188,0.1002994384,,,
62.3046875000,62.8046875000,0.2128385414,0.0961711855,,,
62.4042968750,62.9042968750,0.2014139003,0.0824108107,,,
62.5039062500,63.0039062500,0.2004425284,0.0648294327,,,
62.6035156250,63.1035156250,0.2300665659,0.0506850917,,,
62.7031250000,63.2031250000,0.3334385486,0.0413100042,,,
62.8027343750,63.3027343750,0.4614326208,0.0362632570,,,
62.9023437500,63.4023437500,0.6114405507,0.0473537624,,,
63.0019531250,63.5019531250,0.7066351691,0.0739765601,,,
63.1015625000,63.6015625000,0.7122025478,0.1071085445,,,
63.2011718750,63.7011718750,0.6169128451,0.1266152529,,,
63.3007812500,63.8007812500,0.4817435180,0.1379512537,,,
63.4003906250,63.9003906250,0.3380760497,0.1279797312,,,
63.5000000000,64.0000000000,0.2304915393,0.0969613622,,,
63.5996093750,64.0996093750,0.2343116994,0.0599021796,,,
63.6992187500,64.1992187500,0.2704923092,0.0454644504,,,
63.7988281250,64.2988281250,0.3033487512,0.0489843251,,,
63.8984375000,64.3984375000,0.2927948038,0.0583610471,,,
63.9980468750,64.4980468750,0.2428347482,0.0684705727,,,
64.0976562500,64.5976562500,0.1642014463,0.0708340600,,,
64.1972656250,64.6972656250,0.0924604926,0.0596982618,,,
64.2968750000,64.7968750000,0.0574796825,0.0424787464,,,
64.3964843750,64.8964843750,0.0584715522,0.0439479830,,,
69.9218750000,70.4218750000,0.3693658771,0.0969191236,,,
70.0214843750,70.5214843750,0.3623393567,0.1005690031,,,
70.1210937500,70.6210937500,0.3209359491,0.1058681127,,,
70.2207031250,70.7207031250,0.2709268928,0.1020990307,,,
70.3203125000,70.8203125000,0.2222203891,0.0988604472,,,
70.4199218750,70.9199218750,0.1759628911,0.0895039186,,,
70.5195312500,71.0195312500,0.1640865319,0.0696780007,,,
70.6191406250,71.1191406250,0.1517500163,0.0446923437,,,
70.7187500000,71.2187500000,0.1574417419,0.0264070765,,,
70.8183593750,71.3183593750,0.1644611360,0.0169168900,,,
70.9179687500,71.4179687500,0.1881602014,0.0198946949,,,
71.0175781250,71.5175781250,0.2059154069,0.0266930655,,,
71.1171875000,71.6171875000,0.2173610419,0.0364156948,,,
71.2167968750,71.7167968750,0.2060500674,0.0791088752,,,
71.3164062500,71.8164062500,0.1790884574,0.1450636173,,,
71.4160156250,71.9160156250,0.1543924870,0.2173321737,,,
71.5156250000,72.0156250000,0.1479297695,0.2582988984,,,
71.6152343750,72.1152343750,0.1904337932,0.2623236864,,,
71.7148437500,72.2148437500,0.2267285264,0.2322403914,,,
71.8144531250,72.3144531250,0.2594211430,0.1844106016,,,
71.9140625000,72.4140625000,0.2525627041,0.1400207391,,,
72.0136718750,72.5136718750,0.2207611522,0.1288785404,,,
72.1132812500,72.6132812500,0.1673131834,0.1606093483,,,
72.2128906250,72.7128906250,0.1354568319,0.1954579316,,,
72.3125000000,72.8125000000,0.1388203147,0.2175779081,,,
72.4121093750,72.9121093750,0.1488312549,0.2227512376,,,
72.5117187500,73.0117187500,0.1449087281,0.2094671551,,,
72.6113281250,73.1113281250,0.1334316174,0.1817685877,,,
72.7109375000,73.2109375000,0.1403365205,0.1423953391,,,
72.8105468750,73.3105468750,0.1495129718,0.1021290237,,,
72.9101562500,73.4101562500,0.1556900341,0.0687831381,,,
73.0097656250,73.5097656250,0.1574372290,0.0513893932,,,
73.1093750000,73.6093750000,0.1476323279,0.0454762011,,,
73.2089843750,73.7089843750,0.1278744482,0.0490426984,,,
73.3085937500,73.8085937500,0.1189211285,0.0555639020,,,
73.4082031250,73.9082031250,0.1263580138,0.0559154224,,,
73.5078125000,74.0078125000,0.1448643606,0.0490299293,,,
73.6074218750,74.1074218750,0.1598247143,0.0442280036,,,
73.7070312500,74.2070312500,0.1773198939,0.0421741695,,,
73.8066406250,74.3066406250,0.2136017760,0.0387359206,,,
73.9062500000,74.4062500000,0.3643587595,0.0308955042,,,
74.0058593750,74.5058593750,0.5079067115,0.0245790990,,,
74.1054687500,74.6054687500,0.6450028767,0.0212665791,,,
74.2050781250,74.7050781250,0.6950010879,0.0244825341,,,
74.3046875000,74.8046875000,0.6699585479,0.0212775809,,,
74.4042968750,74.9042968750,0.5559080955,0.0189679724,,,
74.5039062500,75.0039062500,0.4394462843,0.0215994723,,,
74.6035156250,75.1035156250,0.3387020566,0.0257031902,,,
74.7031250000,75.2031250000,0.3114588836,0.0301896049,,,
74.8027343750,75.3027343750,0.3627337629,0.0502819831,,,
74.9023437500,75.4023437500,0.4016491605,0.0720766796,,,
75.0019531250,75.5019531250,0.3908776188,0.0870981174,,,
75.1015625000,75.6015625000,0.3534471169,0.0908125022,,,
75.2011718750,75.7011718750,0.3624937524,0.0911275768,,,
75.3007812500,75.8007812500,0.3925176714,0.0890752463,,,
75.4003906250,75.9003906250,0.4315183102,0.1122234145,,,
75.5000000000,76.0000000000,0.4418405174,0.1367298590,,,
75.5996093750,76.0996093750,0.4103516739,0.1628486744,,,
75.6992187500,76.1992187500,0.3391315454,0.1645595896,,,
75.7988281250,76.2988281250,0.2455277101,0.1560587311,,,
75.8984375000,76.3984375000,0.1453441454,0.1494672474,,,
75.9980468750,76.4980468750,0.0947202995,0.1783948040,,,
76.0976562500,76.5976562500,0.1030737805,0.2101691923,,,
76.1972656250,76.6972656250,0.1368531567,0.2314871759,,,
76.2968750000,76.7968750000,0.1656678953,0.2397573403,,,
76.3964843750,76.8964843750,0.2123547616,0.2149602454,,,
81.9218750000,82.4218750000,0.0761545019,0.1258105694,,,
82.0214843750,82.5214843750,0.0793444745,0.1411896590,,,
82.1210937500,82.6210937500,0.1206373746,0.1323748235,,,
82.2207031250,82.7207031250,0.1770443188,0.1127335990,,,
82.3203125000,82.8203125000,0.2293737739,0.1056294940,,,
82.4199218750,82.9199218750,0.2564656800,0.1083518749,,,
82.5195312500,83.0195312500,0.2802178075,0.1437077776,,,
82.6191406250,83.1191406250,0.2942915892,0.1976209453,,,
82.7187500000,83.2187500000,0.2952853397,0.2501464191,,,
82.8183593750,83.3183593750,0.2628169726,0.2892699762,,,
82.9179687500,83.4179687500,0.2575337462,0.2852259020,,,
83.0175781250,83.5175781250,0.2727574732,0.2452800530,,,
83.1171875000,83.6171875000,0.3050358914,0.1914461368,,,
83.2167968750,83.7167968750,0.3737240502,0.1283365770,,,
83.3164062500,83.8164062500,0.4194023309,0.0636881773,,,
83.4160156250,83.9160156250,0.4147714831,0.0540540474,,,
83.5156250000,84.0156250000,0.3588229482,0.1073723794,,,
83.6152343750,84.1152343750,0.2882541455,0.2021440857,,,
83.7148437500,84.2148437500,0.2430976896,0.2981435290,,,
83.8144531250,84.3144531250,0.2937786583,0.3852960505,,,
83.9140625000,84.4140625000,0.4739664998,0.4131149100,,,
84.0136718750,84.5136718750,0.6447493731,0.3994413372,,,
84.1132812500,84.6132812500,0.7573502017,0.3313053188,,,
84.2128906250,84.7128906250,0.7955629443,0.2565377656,,,
84.3125000000,84.8125000000,0.7563118806,0.1630454845,,,
84.4121093750,84.9121093750,0.6323822879,0.1117947457,,,
84.5117187500,85.0117187500,0.4526033789,0.0733878057,,,
84.6113281250,85.1113281250,0.2908242212,0.0521011288,,,
84.7109375000,85.2109375000,0.1750542070,0.0308493089,,,
84.8105468750,85.3105468750,0.2068156105,0.0161965485,,,
84.9101562500,85.4101562500,0.2863619061,0.0292524455,,,
85.0097656250,85.5097656250,0.4120073906,0.0695359971,,,
85.1093750000,85.6093750000,0.4838838048,0.1191653631,,,
85.2089843750,85.7089843750,0.4882562829,0.1739540974,,,
85.3085937500,85.8085937500,0.4229977230,0.2039751409,,,
85.4082031250,85.9082031250,0.3391344349,0.2035354621,,,
85.5078125000,86.0078125000,0.2247110434,0.1688453096,,,
85.6074218750,86.1074218750,0.1497811178,0.1231473227,,,
85.7070312500,86.2070312500,0.1621432537,0.0834599746,,,
85.8066406250,86.3066406250,0.2288462977,0.0810241382,,,
85.9062500000,86.4062500000,0.3292787917,0.0908106505,,,
86.0058593750,86.5058593750,0.4036796647,0.1021421824,,,
86.1054687500,86.6054687500,0.4693795949,0.1128073065,,,
86.2050781250,86.7050781250,0.5188268881,0.1150128665,,,
86.3046875000,86.8046875000,0.5489363797,0.1093707202,,,
86.4042968750,86.9042968750,0.5753699274,0.1176067117,,,
86.5039062500,87.0039062500,0.5693554309,0.1164879343,,,
86.6035156250,87.1035156250,0.5379122387,0.1127766281,,,
86.7031250000,87.2031250000,0.4586513015,0.0972896600,,,
86.8027343750,87.3027343750,0.3673768674,0.0746961536,,,
86.9023437500,87.4023437500,0.2502966144,0.0466390656,,,
87.0019531250,87.5019531250,0.1787931375,0.0412380720,,,
87.1015625000,87.6015625000,0.1588055035,0.0394034487,,,
87.2011718750,87.7011718750,0.1713911563,0.0397565164,,,
87.3007812500,87.8007812500,0.1816361802,0.0349563746,,,
87.4003906250,87.9003906250,0.1831511692,0.0347847445,,,
87.5000000000,88.0000000000,0.2162955375,0.0474118024,,,
87.5996093750,88.0996093750,0.2608542488,0.1044493500,,,
87.6992187500,88.1992187500,0.3360368327,0.1638352669,,,
87.7988281250,88.2988281250,0.4108510971,0.2304971148,,,
87.8984375000,88.3984375000,0.4314678208,0.2777595682,,,
87.9980468750,88.4980468750,0.4007599990,0.2899612161,,,
88.0976562500,88.5976562500,0.3304238803,0.2588187373,,,
88.1972656250,88.6972656250,0.2424782668,0.2103599022,,,
88.2968750000,88.7968750000,0.1448504316,0.1530559896,,,
88.3964843750,88.8964843750,0.1194640817,0.0935257003,,,
105.9218750000,106.4218750000,0.2029044791,0.0376932532,,,
106.0214843750,106.5214843750,0.1655670468,0.0164484582,,,
106.1210937500,106.6210937500,0.1418456097,0.0105849942,,,
106.2207031250,106.7207031250,0.1437283630,0.0137337576,,,
106.3203125000,106.8203125000,0.1409204997,0.0153578940,,,
106.4199218750,106.9199218750,0.1274457257,0.0182589828,,,
106.5195312500,107.0195312500,0.1155399426,0.0233159022,,,
106.6191406250,107.1191406250,0.1153880516,0.0292970458,,,
106.7187500000,107.2187500000,0.1269609981,0.0329101603,,,
106.8183593750,107.3183593750,0.1469803399,0.0456968223,,,
106.9179687500,107.4179687500,0.1677279423,0.0735629288,,,
107.0175781250,107.5175781250,0.1693856205,0.1115553625,,,
107.1171875000,107.6171875000,0.1406585322,0.1382695021,,,
107.2167968750,107.7167968750,0.0872974731,0.1683917271,,,
107.3164062500,107.8164062500,0.0467459791,0.1868038591,,,
107.4160156250,107.9160156250,0.0191996708,0.1726791445,,,
107.5156250000,108.0156250000,0.0268412624,0.1333999807,,,
107.6152343750,108.1152343750,0.0936129807,0.1042018456,,,
107.7148437500,108.2148437500,0.2276214891,0.0866788337,,,
107.8144531250,108.3144531250,0.4323734689,0.0720865683,,,
107.9140625000,108.4140625000,0.5618912470,0.0683171838,,,
108.0136718750,108.5136718750,0.6371553251,0.0688193669,,,
108.1132812500,108.6132812500,0.6203617373,0.0732941899,,,
108.2128906250,108.7128906250,0.5395160783,0.0676960471,,,
108.3125000000,108.8125000000,0.3638702684,0.0599492196,,,
108.4121093750,108.9121093750,0.2159388457,0.0587464256,,,
108.5117187500,109.0117187500,0.1106442761,0.0668733558,,,
108.6113281250,109.1113281250,0.1083499716,0.0733114962,,,
108.7109375000,109.2109375000,0.1357945193,0.0843216695,,,
108.8105468750,109.3105468750,0.1530630803,0.0882494461,,,
108.9101562500,109.4101562500,0.1422771681,0.0966091983,,,
109.0097656250,109.5097656250,0.1186075033,0.0986641362,,,
109.1093750000,109.6093750000,0.0804899032,0.0992344618,,,
109.2089843750,109.7089843750,0.0666656727,0.0910918262,,,
109.3085937500,109.8085937500,0.0955060109,0.0941376762,,,
109.4082031250,109.9082031250,0.1811194551,0.0884416891,,,
109.5078125000,110.0078125000,0.2573232546,0.0797889284,,,
109.6074218750,110.1074218750,0.3171943465,0.0659065806,,,
109.7070312500,110.2070312500,0.3272762960,0.0514566357,,,
109.8066406250,110.3066406250,0.2943252409,0.0338780328,,,
109.9062500000,110.4062500000,0.2607356996,0.0312878853,,,
110.0058593750,110.5058593750,0.2605130766,0.0468120977,,,
110.1054687500,110.6054687500,0.2922755215,0.0769196306,,,
110.2050781250,110.7050781250,0.3304493134,0.1073151392,,,
110.3046875000,110.8046875000,0.3637986024,0.1429499161,,,
110.4042968750,110.9042968750,0.3617502076,0.1743372060,,,
110.5039062500,111.0039062500,0.3617053748,0.1892004282,,,
110.6035156250,111.1035156250,0.3698899928,0.2038078235,,,
110.7031250000,111.2031250000,0.4356920221,0.2080128793,,,
110.8027343750,111.3027343750,0.5627821769,0.2080799397,,,
110.9023437500,111.4023437500,0.6637029448,0.1862898691,,,
111.0019531250,111.5019531250,0.7583891816,0.1669619859,,,
111.1015625000,111.6015625000,0.7765902608,0.1248779460,,,
111.2011718750,111.7011718750,0.7715225887,0.0898799882,,,
111.3007812500,111.8007812500,0.6929058388,0.0520586755,,,
111.4003906250,111.9003906250,0.6330763241,0.0444560995,,,
111.5000000000,112.0000000000,0.5277939009,0.0557508575,,,
111.5996093750,112.0996093750,0.5076353959,0.0949563377,,,
111.6992187500,112.1992187500,0.4733555978,0.1242988973,,,
111.7988281250,112.2988281250,0.4839055298,0.1502284337,,,
111.8984375000,112.3984375000,0.4529647711,0.1555422335,,,
111.9980468750,112.4980468750,0.4262637216,0.1535002394,,,
112.0976562500,112.5976562500,0.3492589334,0.1347267511,,,
112.1972656250,112.6972656250,0.2743333849,0.1260335295,,,
112.2968750000,112.7968750000,0.1882109274,0.1358862219,,,
112.3964843750,112.8964843750,0.1401960882,0.1744869332,,,
117.9218750000,118.4218750000,0.1747680331,0.2869194440,,,
118.0214843750,118.5214843750,0.1436102910,0.3472788320,,,
118.1210937500,118.6210937500,0.1067397491,0.3979849147,,,
118.2207031250,118.7207031250,0.1023778319,0.3954556053,,,
118.3203125000,118.8203125000,0.1258132022,0.3384723701,,,
118.4199218750,118.9199218750,0.1746681232,0.2685587549,,,
118.5195312500,119.0195312500,0.2079608839,0.2049401243,,,
118.6191406250,119.1191406250,0.2299511973,0.1451708063,,,
118.7187500000,119.2187500000,0.2238684047,0.1255191373,,,
118.8183593750,119.3183593750,0.2058663867,0.1341708301,,,
118.9179687500,119.4179687500,0.1913273713,0.1323580575,,,
119.0175781250,119.5175781250,0.2026835113,0.1213268351,,,
119.1171875000,119.6171875000,0.2434487620,0.0988209789,,,
119.2167968750,119.7167968750,0.2777235097,0.0882007812,,,
119.3164062500,119.8164062500,0.3205702059,0.0891031671,,,
119.4160156250,119.9160156250,0.3206891043,0.1159157058,,,
119.5156250000,120.0156250000,0.3107462745,0.1261193207,,,
119.6152343750,120.1152343750,0.2540880099,0.1238032380,,,
119.7148437500,120.2148437500,0.2057219529,0.1040393575,,,
119.8144531250,120.3144531250,0.1795137780,0.0772176596,,,
119.9140625000,120.4140625000,0.2684593656,0.0410901464,,,
120.0136718750,120.5136718750,0.3783787888,0.0239410849,,,
120.1132812500,120.6132812500,0.4730968967,0.0276502443,,,
120.2128906250,120.7128906250,0.5368826220,0.0662069202,,,
120.3125000000,120.8125000000,0.5290305867,0.1167391517,,,
120.4121093750,120.9121093750,0.4413158602,0.1945657384,,,
120.5117187500,121.0117187500,0.3115472423,0.2716922788,,,
120.6113281250,121.1113281250,0.1950914522,0.3111903977,,,
120.7109375000,121.2109375000,0.0888217693,0.3268970306,,,
120.8105468750,121.3105468750,0.0473121022,0.3352182293,,,
120.9101562500,121.4101562500,0.0468324827,0.3089208420,,,
121.0097656250,121.5097656250,0.0548138208,0.2627635439,,,
121.1093750000,121.6093750000,0.0692597085,0.2227731114,,,
121.2089843750,121.7089843750,0.0889403131,0.1760683211,,,
121.3085937500,121.8085937500,0.1036770388,0.1233157132,,,
121.4082031250,121.9082031250,0.1055157166,0.0928707113,,,
121.5078125000,122.0078125000,0.1010311702,0.0863115108,,,
121.6074218750,122.1074218750,0.1168970807,0.0979718817,,,
121.7070312500,122.2070312500,0.1645453814,0.1136488483,,,
121.8066406250,122.3066406250,0.2621376735,0.1169871140,,,
121.9062500000,122.4062500000,0.4369494391,0.1162026065,,,
122.0058593750,122.5058593750,0.5742494633,0.1037838743,,,
122.1054687500,122.6054687500,0.6751373031,0.0942908409,,,
122.2050781250,122.7050781250,0.6824485957,0.0777168186,,,
122.3046875000,122.8046875000,0.6183812475,0.0622522938,,,
122.4042968750,122.9042968750,0.4649727874,0.0469265335,,,
122.5039062500,123.0039062500,0.3007535223,0.0298410083,,,
122.6035156250,123.1035156250,0.1261677789,0.0165839338,,,
122.7031250000,123.2031250000,0.0536562471,0.0126592872,,,
122.8027343750,123.3027343750,0.0994917984,0.0158520462,,,
122.9023437500,123.4023437500,0.1921720246,0.0187466428,,,
123.0019531250,123.5019531250,0.2614974262,0.0228660502,,,
123.1015625000,123.6015625000,0.2912688258,0.0238380305,,,
123.2011718750,123.7011718750,0.2925070698,0.0213073268,,,
123.3007812500,123.8007812500,0.2525194737,0.0162739727,,,
123.4003906250,123.9003906250,0.1731824784,0.0132190341,,,
123.5000000000,124.0000000000,0.0956078894,0.0107849581,,,
123.5996093750,124.0996093750,0.0751546055,0.0176155483,,,
123.6992187500,124.1992187500,0.0913571370,0.0291258767,,,
123.7988281250,124.2988281250,0.1199300054,0.0466837490,,,
123.8984375000,124.3984375000,0.1584697256,0.0663995131,,,
123.9980468750,124.4980468750,0.1835638111,0.0820964161,,,
124.0976562500,124.5976562500,0.1836091480,0.0969093291,,,
124.1972656250,124.6972656250,0.1647944538,0.1123568429,,,
124.2968750000,124.7968750000,0.1537521102,0.1163866738,,,
124.3964843750,124.8964843750,0.1417309839,0.1053864679,,,
141.9218750000,142.4218750000,0.0608057609,0.0636921327,,,
142.0214843750,142.5214843750,0.0775313887,0.0585445479,,,
142.1210937500,142.6210937500,0.0942637016,0.0390028479,,,
142.2207031250,142.7207031250,0.1132573348,0.0217053179,,,
142.3203125000,142.8203125000,0.1433569832,0.0206229285,,,
142.4199218750,142.9199218750,0.1655722243,0.0556257776,,,
142.5195312500,143.0195312500,0.1823943816,0.1074143364,,,
142.6191406250,143.1191406250,0.1851415590,0.1661681334,,,
142.7187500000,143.2187500000,0.1797993661,0.2008175362,,,
142.8183593750,143.3183593750,0.1477821297,0.2048287721,,,
142.9179687500,143.4179687500,0.1171725948,0.1858629090,,,
143.0175781250,143.5175781250,0.0901704517,0.1619100914,,,
143.1171875000,143.6171875000,0.0961258880,0.1540896046,,,
143.2167968750,143.7167968750,0.1092565651,0.1620305689,,,
143.3164062500,143.8164062500,0.1319584435,0.1767104756,,,
143.4160156250,143.9160156250,0.1394825946,0.1705426068,,,
143.5156250000,144.0156250000,0.1498177783,0.1503378212,,,
143.6152343750,144.1152343750,0.1499799543,0.1427119796,,,
143.7148437500,144.2148437500,0.1498892716,0.1954426674,,,
143.8144531250,144.3144531250,0.1333164891,0.2700501950,,,
143.9140625000,144.4140625000,0.1144540905,0.3806483655,,,
144.0136718750,144.5136718750,0.0885195550,0.4759552582,,,
144.1132812500,144.6132812500,0.0627224897,0.5038182771,,,
144.2128906250,144.7128906250,0.0310825742,0.4656254319,,,
144.3125000000,144.8125000000,0.0184000734,0.4000341019,,,
144.4121093750,144.9121093750,0.0242444293,0.3005856947,,,
144.5117187500,145.0117187500,0.0416024785,0.2027923814,,,
144.6113281250,145.1113281250,0.0625624038,0.1699395296,,,
144.7109375000,145.2109375000,0.0907804319,0.1817338112,,,
144.8105468750,145.3105468750,0.1058277701,0.2704460062,,,
144.9101562500,145.4101562500,0.1023502637,0.3651644221,,,
145.0097656250,145.5097656250,0.0893755414,0.4506598444,,,
145.1093750000,145.6093750000,0.0870975578,0.4804554402,,,
145.2089843750,145.7089843750,0.0971650087,0.4594405375,,,
145.3085937500,145.8085937500,0.1414848451,0.3752489208,,,
145.4082031250,145.9082031250,0.2423713450,0.2707837937,,,
145.5078125000,146.0078125000,0.3582515952,0.1511743578,,,
145.6074218750,146.1074218750,0.5096624707,0.0579015412,,,
145.7070312500,146.2070312500,0.6771524005,0.0251942829,,,
145.8066406250,146.3066406250,0.7760173192,0.0195480675,,,
145.9062500000,146.4062500000,0.8303474116,0.0263447383,,,
146.0058593750,146.5058593750,0.8136056929,0.0407299159,,,
146.1054687500,146.6054687500,0.7321624877,0.0538808379,,,
146.2050781250,146.7050781250,0.5777619808,0.0746842325,,,
146.3046875000,146.8046875000,0.4704824874,0.0965919165,,,
146.4042968750,146.9042968750,0.3780465532,0.1061577750,,,
146.5039062500,147.0039062500,0.3440061288,0.1035227651,,,
146.6035156250,147.1035156250,0.3279931026,0.0936106171,,,
146.7031250000,147.2031250000,0.3013127802,0.0764254240,,,
146.8027343750,147.3027343750,0.2446896754,0.0584502781,,,
146.9023437500,147.4023437500,0.1780096923,0.0500880687,,,
147.0019531250,147.5019531250,0.1277248042,0.0606540944,,,
147.1015625000,147.6015625000,0.1107935844,0.0758563478,,,
147.2011718750,147.7011718750,0.1032183191,0.0782828655,,,
147.3007812500,147.8007812500,0.0893198223,0.0701498279,,,
147.4003906250,147.9003906250,0.0799557768,0.0630708501,,,
147.5000000000,148.0000000000,0.0870047255,0.0609776721,,,
147.5996093750,148.0996093750,0.1015188996,0.0632669607,,,
147.6992187500,148.1992187500,0.1470429175,0.0788875108,,,
147.7988281250,148.2988281250,0.2419973189,0.0902715166,,,
147.8984375000,148.3984375000,0.3405134989,0.0917727318,,,
147.9980468750,148.4980468750,0.4534195979,0.0754959411,,,
148.0976562500,148.5976562500,0.5239989420,0.0597690621,,,
148.1972656250,148.6972656250,0.5262031178,0.0451470176,,,
148.2968750000,148.7968750000,0.4677860296,0.0389876903,,,
148.3964843750,148.8964843750,0.3803248429,0.0338793894,,,
153.9218750000,154.4218750000,0.2117363829,0.1868259012,,,
154.0214843750,154.5214843750,0.2733925703,0.1923474902,,,
154.1210937500,154.6210937500,0.3191218916,0.1752483114,,,
154.2207031250,154.7207031250,0.3248446004,0.1305131760,,,
154.3203125000,154.8203125000,0.2810068935,0.0882922757,,,
154.4199218750,154.9199218750,0.2038095642,0.0422483188,,,
154.5195312500,155.0195312500,0.1701297296,0.0278495327,,,
154.6191406250,155.1191406250,0.1849711750,0.0545925202,,,
154.7187500000,155.2187500000,0.2145508116,0.1021534234,,,
154.8183593750,155.3183593750,0.2444689486,0.1746685788,,,
154.9179687500,155.4179687500,0.2506560370,0.2346897768,,,
155.0175781250,155.5175781250,0.2278816936,0.2544329724,,,
155.1171875000,155.6171875000,0.1755582401,0.2445084336,,,
155.2167968750,155.7167968750,0.1283613287,0.2100175071,,,
155.3164062500,155.8164062500,0.1105095787,0.1447769315,,,
155.4160156250,155.9160156250,0.1545253365,0.0845761686,,,
155.5156250000,156.0156250000,0.2338009583,0.0960636147,,,
155.6152343750,156.1152343750,0.2963221063,0.1556021647,,,
155.7148437500,156.2148437500,0.3407265667,0.2248364742,,,
155.8144531250,156.3144531250,0.3474273805,0.2995028681,,,
155.9140625000,156.4140625000,0.3333831783,0.3288027785,,,
156.0136718750,156.5136718750,0.2998780940,0.3108019321,,,
156.1132812500,156.6132812500,0.2830206980,0.2517464561,,,
156.2128906250,156.7128906250,0.2496496514,0.2067542753,,,
156.3125000000,156.8125000000,0.2362689131,0.1574714835,,,
156.4121093750,156.9121093750,0.2038552928,0.1423689977,,,
156.5117187500,157.0117187500,0.1586621242,0.1291702862,,,
156.6113281250,157.1113281250,0.1012355565,0.1192142117,,,
156.7109375000,157.2109375000,0.0716201054,0.1091967568,,,
156.8105468750,157.3105468750,0.0547470972,0.1033487153,,,
156.9101562500,157.4101562500,0.0392082947,0.1008541682,,,
157.0097656250,157.5097656250,0.0278480863,0.1146752869,,,
157.1093750000,157.6093750000,0.0306857611,0.1389160065,,,
157.2089843750,157.7089843750,0.0782280783,0.1405942178,,,
157.3085937500,157.8085937500,0.1477213688,0.1274592707,,,
157.4082031250,157.9082031250,0.2187030635,0.1009485162,,,
157.5078125000,158.0078125000,0.2920103924,0.0882188236,,,
157.6074218750,158.1074218750,0.3208446540,0.0811770483,,,
157.7070312500,158.2070312500,0.2999711794,0.1293157192,,,
157.8066406250,158.3066406250,0.2481382447,0.2251560277,,,
157.9062500000,158.4062500000,0.2185682286,0.3278372296,,,
158.0058593750,158.5058593750,0.1906909506,0.4177292442,,,
158.1054687500,158.6054687500,0.1981027023,0.4459190691,,,
158.2050781250,158.7050781250,0.2128854602,0.4203625346,,,
158.3046875000,158.8046875000,0.2173132399,0.3328968756,,,
158.4042968750,158.9042968750,0.1974654664,0.2365557885,,,
158.5039062500,159.0039062500,0.1903690254,0.1231090588,,,
158.6035156250,159.1035156250,0.2171865428,0.0664554334,,,
158.7031250000,159.2031250000,0.3361980090,0.0460429469,,,
158.8027343750,159.3027343750,0.4906571520,0.0525792506,,,
158.9023437500,159.4023437500,0.6049411219,0.0589381718,,,
159.0019531250,159.5019531250,0.6586754563,0.0745363332,,,
159.1015625000,159.6015625000,0.6379319992,0.1098787344,,,
159.2011718750,159.7011718750,0.5542155119,0.1544365384,,,
159.3007812500,159.8007812500,0.4217122987,0.1959463064,,,
159.4003906250,159.9003906250,0.2963239445,0.2391383976,,,
159.5000000000,160.0000000000,0.1798580903,0.2512261522,,,
159.5996093750,160.0996093750,0.1461575029,0.2231374794,,,
159.6992187500,160.1992187500,0.1629714162,0.1742137570,,,
159.7988281250,160.2988281250,0.1994461507,0.1266095247,,,
159.8984375000,160.3984375000,0.2237744074,0.0964759213,,,
159.9980468750,160.4980468750,0.2526173464,0.1152325962,,,
160.0976562500,160.5976562500,0.2644981096,0.1651190727,,,
160.1972656250,160.6972656250,0.2599503205,0.2231841330,,,
160.2968750000,160.7968750000,0.2305241241,0.2485880713,,,
160.3964843750,160.8964843750,0.2466999375,0.2574620418,,,
165.9218750000,166.4218750000,0.3815945059,0.1446601959,,,
166.0214843750,166.5214843750,0.3818443381,0.0935923591,,,
166.1210937500,166.6210937500,0.3191816809,0.0589285913,,,
166.2207031250,166.7207031250,0.2193532817,0.0272853940,,,
166.3203125000,166.8203125000,0.1308384781,0.0216988289,,,
166.4199218750,166.9199218750,0.1150309375,0.0602354254,,,
166.5195312500,167.0195312500,0.2296115286,0.1187043752,,,
166.6191406250,167.1191406250,0.3669314924,0.1783586796,,,
166.7187500000,167.2187500000,0.5016018820,0.2320452396,,,
166.8183593750,167.3183593750,0.5846249347,0.2597371361,,,
166.9179687500,167.4179687500,0.5974751252,0.2553387317,,,
167.0175781250,167.5175781250,0.5422634550,0.2376735951,,,
167.1171875000,167.6171875000,0.4393467696,0.2339772620,,,
167.2167968750,167.7167968750,0.3117008226,0.2233483727,,,
167.3164062500,167.8164062500,0.1940714372,0.2214353373,,,
167.4160156250,167.9160156250,0.1469207816,0.2182913055,,,
167.5156250000,168.0156250000,0.1546325349,0.2043205661,,,
167.6152343750,168.1152343750,0.2027423972,0.1872951895,,,
167.7148437500,168.2148437500,0.2790491891,0.1966153564,,,
167.8144531250,168.3144531250,0.3243743741,0.2269119307,,,
167.9140625000,168.4140625000,0.3397058376,0.2989595825,,,
168.0136718750,168.5136718750,0.3317737861,0.3931272762,,,
168.1132812500,168.6132812500,0.3347361843,0.4862911901,,,
168.2128906250,168.7128906250,0.3397413960,0.5913644663,,,
168.3125000000,168.8125000000,0.3571092855,0.6412899215,,,
168.4121093750,168.9121093750,0.4129989765,0.6712844814,,,
168.5117187500,169.0117187500,0.4354228030,0.6489904769,,,
168.6113281250,169.1113281250,0.4244130065,0.6185219399,,,
168.7109375000,169.2109375000,0.3675911098,0.5168974373,,,
168.8105468750,169.3105468750,0.3137375070,0.4339422709,,,
168.9101562500,169.4101562500,0.2656604067,0.3178434422,,,
169.0097656250,169.5097656250,0.3069880866,0.2370619749,,,
169.1093750000,169.6093750000,0.3666293907,0.1557202595,,,
169.2089843750,169.7089843750,0.4827728392,0.1173579842,,,
169.3085937500,169.8085937500,0.5722499188,0.1142814554,,,
169.4082031250,169.9082031250,0.6326889033,0.1348301316,,,
169.5078125000,170.0078125000,0.6451962875,0.1656716944,,,
169.6074218750,170.1074218750,0.6122135779,0.2067503249,,,
169.7070312500,170.2070312500,0.5374067225,0.2242171777,,,
169.8066406250,170.3066406250,0.4744990996,0.2237239339,,,
169.9062500000,170.4062500000,0.4194690203,0.2048614762,,,
170.0058593750,170.5058593750,0.3717414666,0.1628923491,,,
170.1054687500,170.6054687500,0.3638575550,0.1123180208,,,
170.2050781250,170.7050781250,0.3469909842,0.0869451523,,,
170.3046875000,170.8046875000,0.3103452524,0.0745812131,,,
170.4042968750,170.9042968750,0.2699936227,0.0719436480,,,
170.5039062500,171.0039062500,0.2221716725,0.0704791288,,,
170.6035156250,171.1035156250,0.1826700288,0.0597670206,,,
170.7031250000,171.2031250000,0.1680892741,0.0503256390,,,
170.8027343750,171.3027343750,0.1579846097,0.0522551634,,,
170.9023437500,171.4023437500,0.1504763851,0.0806304053,,,
171.0019531250,171.5019531250,0.1834254760,0.1158939594,,,
171.1015625000,171.6015625000,0.2671215362,0.1408674154,,,
171.2011718750,171.7011718750,0.3907916611,0.1382233519,,,
171.3007812500,171.8007812500,0.4649274987,0.1188953734,,,
171.4003906250,171.9003906250,0.5112938509,0.0915600500,,,
171.5000000000,172.0000000000,0.4917166336,0.0699255720,,,
171.5996093750,172.0996093750,0.4299584421,0.0561081071,,,
171.6992187500,172.1992187500,0.3284938116,0.0537443669,,,
171.7988281250,172.2988281250,0.3136168601,0.0542923184,,,
171.8984375000,172.3984375000,0.3570053960,0.0471027405,,,
171.9980468750,172.4980468750,0.5193508034,0.0362939694,,,
172.0976562500,172.5976562500,0.6686584184,0.0275149091,,,
172.1972656250,172.6972656250,0.7999849211,0.0252002171,,,
172.2968750000,172.7968750000,0.8744324616,0.0330199498,,,
172.3964843750,172.8964843750,0.8643811864,0.0426619015,,,
189.9218750000,190.4218750000,0.2032061019,0.0674570380,,,
190.0214843750,190.5214843750,0.2386552943,0.1012052837,,,
190.1210937500,190.6210937500,0.2434292649,0.1473346952,,,
190.2207031250,190.7207031250,0.2437678459,0.2034809474,,,
190.3203125000,190.8203125000,0.3148545791,0.2218725758,,,
190.4199218750,190.9199218750,0.3850314188,0.2158993733,,,
190.5195312500,191.0195312500,0.4994188063,0.1748182080,,,
190.6191406250,191.1191406250,0.5797880429,0.1289699124,,,
190.7187500000,191.2187500000,0.6397020881,0.0710268337,,,
190.8183593750,191.3183593750,0.6018397345,0.0446612240,,,
190.9179687500,191.4179687500,0.5291456532,0.0352173049,,,
191.0175781250,191.5175781250,0.3948022772,0.0391274590,,,
191.1171875000,191.6171875000,0.2962610614,0.0446274569,,,
191.2167968750,191.7167968750,0.1985729871,0.0562145344,,,
191.3164062500,191.8164062500,0.1744899139,0.0756795582,,,
191.4160156250,191.9160156250,0.2076096546,0.0985335083,,,
191.5156250000,192.0156250000,0.2829857281,0.1214820052,,,
191.6152343750,192.1152343750,0.3955548997,0.1351257668,,,
191.7148437500,192.2148437500,0.4618666510,0.1335678844,,,
191.8144531250,192.3144531250,0.5082123604,0.1211130453,,,
191.9140625000,192.4140625000,0.5073293906,0.1053147435,,,
192.0136718750,192.5136718750,0.5079096525,0.0813921663,,,
192.1132812500,192.6132812500,0.4508062440,0.0598121809,,,
192.2128906250,192.7128906250,0.4353125369,0.0495888702,,,
192.3125000000,192.8125000000,0.3996012024,0.0628200641,,,
192.4121093750,192.9121093750,0.3735484417,0.0896338132,,,
192.5117187500,193.0117187500,0.2996506679,0.1566645116,,,
192.6113281250,193.1113281250,0.2319544276,0.2183211699,,,
192.7109375000,193.2109375000,0.1464617287,0.2751412466,,,
192.8105468750,193.3105468750,0.1059265290,0.2888663624,,,
192.9101562500,193.4101562500,0.0981017079,0.2720759069,,,
193.0097656250,193.5097656250,0.1358383852,0.2241069010,,,
193.1093750000,193.6093750000,0.2058119207,0.1865832509,,,
193.2089843750,193.7089843750,0.2682328233,0.1610943322,,,
193.3085937500,193.8085937500,0.3421552321,0.1511848757,,,
193.4082031250,193.9082031250,0.4095422422,0.1598168763,,,
193.5078125000,194.0078125000,0.4441908602,0.1665379326,,,
193.6074218750,194.1074218750,0.4495016630,0.1868781535,,,
193.7070312500,194.2070312500,0.4381038791,0.2064075482,,,
193.8066406250,194.3066406250,0.4119786865,0.2171572072,,,
193.9062500000,194.4062500000,0.3479037051,0.2043187862,,,
194.0058593750,194.5058593750,0.2866756617,0.1927601212,,,
194.1054687500,194.6054687500,0.2161928131,0.1865944842,,,
194.2050781250,194.7050781250,0.1783028313,0.2015390133,,,
194.3046875000,194.8046875000,0.1469002803,0.2714479654,,,
194.4042968750,194.9042968750,0.1282570945,0.3512888006,,,
194.5039062500,195.0039062500,0.1155574901,0.4467767501,,,
194.6035156250,195.1035156250,0.1294164936,0.5152283309,,,
194.7031250000,195.2031250000,0.1595035539,0.5395152496,,,
194.8027343750,195.3027343750,0.2096071665,0.5212793020,,,
194.9023437500,195.4023437500,0.2688071711,0.4660575908,,,
195.0019531250,195.5019531250,0.3746599416,0.3748113699,,,
195.1015625000,195.6015625000,0.4502637626,0.2710960939,,,
195.2011718750,195.7011718750,0.5148870766,0.2176033249,,,
195.3007812500,195.8007812500,0.5076028510,0.1857171086,,,
195.4003906250,195.9003906250,0.4807916987,0.1889280875,,,
195.5000000000,196.0000000000,0.4090531173,0.2092781809,,,
195.5996093750,196.0996093750,0.3331182574,0.2064711466,,,
195.6992187500,196.1992187500,0.2313986342,0.1672919179,,,
195.7988281250,196.2988281250,0.1740658663,0.1045194683,,,
195.8984375000,196.3984375000,0.1428705113,0.0661327901,,,
195.9980468750,196.4980468750,0.1116584536,0.0420726381,,,
196.0976562500,196.5976562500,0.0821908582,0.0288324969,,,
196.1972656250,196.6972656250,0.0638203046,0.0296520109,,,
196.2968750000,196.7968750000,0.0556390581,0.0386775455,,,
196.3964843750,196.8964843750,0.0692285382,0.0652865776,,,
201.9218750000,202.4218750000,0.2464199606,0.1239675967,,,
202.0214843750,202.5214843750,0.3309619360,0.0794092119,,,
202.1210937500,202.6210937500,0.4082652683,0.0448853860,,,
202.2207031250,202.7207031250,0.5114295725,0.0156697426,,,
202.3203125000,202.8203125000,0.5801515602,0.0055819073,,,
202.4199218750,202.9199218750,0.6099399126,0.0025819969,,,
202.5195312500,203.0195312500,0.5722370287,0.0068336106,,,
202.6191406250,203.1191406250,0.4891417117,0.0333881909,,,
202.7187500000,203.2187500000,0.3547895608,0.0807650073,,,
202.8183593750,203.3183593750,0.2060529788,0.1677238017,,,
202.9179687500,203.4179687500,0.1091621453,0.2503155720,,,
203.0175781250,203.5175781250,0.0579563050,0.2961873402,,,
203.1171875000,203.6171875000,0.0727285614,0.3047896374,,,
203.2167968750,203.7167968750,0.1117083571,0.2767785043,,,
203.3164062500,203.8164062500,0.1412557276,0.2097398391,,,
203.4160156250,203.9160156250,0.1558566131,0.1354017202,,,
203.5156250000,204.0156250000,0.1451663551,0.0947727740,,,
203.6152343750,204.1152343750,0.1285258581,0.0762722266,,,
203.7148437500,204.2148437500,0.1092593334,0.0795309435,,,
203.8144531250,204.3144531250,0.0959467239,0.0845144299,,,
203.9140625000,204.4140625000,0.0830916697,0.0816839001,,,
204.0136718750,204.5136718750,0.0938239011,0.0684009433,,,
204.1132812500,204.6132812500,0.1019901039,0.0512400087,,,
204.2128906250,204.7128906250,0.0879025536,0.0352435380,,,
204.3125000000,204.8125000000,0.0847391051,0.0227264905,,,
204.4121093750,204.9121093750,0.1141899880,0.0120042052,,,
204.5117187500,205.0117187500,0.1399393609,0.0107645706,,,
204.6113281250,205.1113281250,0.1574589318,0.0162861764,,,
204.7109375000,205.2109375000,0.2025525695,0.0220906605,,,
204.8105468750,205.3105468750,0.2425792130,0.0211679670,,,
204.9101562500,205.4101562500,0.2185420933,0.0220456455,,,
205.0097656250,205.5097656250,0.1819715297,0.0365437435,,,
205.1093750000,205.6093750000,0.1849145596,0.0575344225,,,
205.2089843750,205.7089843750,0.2297318969,0.0678054776,,,
205.3085937500,205.8085937500,0.2697168189,0.0757056510,,,
205.4082031250,205.9082031250,0.3545710879,0.0872990256,,,
205.5078125000,206.0078125000,0.4307342483,0.1018603258,,,
205.6074218750,206.1074218750,0.4895030808,0.1008167913,,,
205.7070312500,206.2070312500,0.5059544324,0.1032994812,,,
205.8066406250,206.3066406250,0.4889137900,0.1057322032,,,
205.9062500000,206.4062500000,0.4585366525,0.1047706004,,,
206.0058593750,206.5058593750,0.4057214683,0.0917771607,,,
206.1054687500,206.6054687500,0.3285707253,0.0954008663,,,
206.2050781250,206.7050781250,0.2292392415,0.1351052249,,,
206.3046875000,206.8046875000,0.1505390448,0.1996187132,,,
206.4042968750,206.9042968750,0.0799564401,0.2621909285,,,
206.5039062500,207.0039062500,0.0549218373,0.3273663771,,,
206.6035156250,207.1035156250,0.0837410495,0.3518963049,,,
206.7031250000,207.2031250000,0.1572304590,0.3389154505,,,
206.8027343750,207.3027343750,0.2356990739,0.2903593115,,,
206.9023437500,207.4023437500,0.3278208827,0.2324025351,,,
207.0019531250,207.5019531250,0.3731631691,0.1636456841,,,
207.1015625000,207.6015625000,0.3891476204,0.1325884244,,,
207.2011718750,207.7011718750,0.3683627980,0.1345477824,,,
207.3007812500,207.8007812500,0.3862002995,0.1589265680,,,
207.4003906250,207.9003906250,0.3751546990,0.1786920785,,,
207.5000000000,208.0000000000,0.3859218570,0.1811381806,,,
207.5996093750,208.0996093750,0.3707081835,0.1613959204,,,
207.6992187500,208.1992187500,0.3457029275,0.1320882567,,,
207.7988281250,208.2988281250,0.2656867001,0.1019228297,,,
207.8984375000,208.3984375000,0.1853860584,0.0942363749,,,
207.9980468750,208.4980468750,0.1046106016,0.1015519722,,,
208.0976562500,208.5976562500,0.0657946734,0.1163969051,,,
208.1972656250,208.6972656250,0.0472995718,0.1352520562,,,
208.2968750000,208.7968750000,0.0381247191,0.1429784626,,,
208.3964843750,208.8964843750,0.0305751953,0.1449507081,,,
225.9218750000,226.4218750000,0.0692317700,0.0873387449,,,
226.0214843750,226.5214843750,0.1513001607,0.0712549422,,,
226.1210937500,226.6210937500,0.2202028140,0.0581055712,,,
226.2207031250,226.7207031250,0.2488633549,0.0619617990,,,
226.3203125000,226.8203125000,0.2499819815,0.0662893410,,,
226.4199218750,226.9199218750,0.2339850688,0.0728269004,,,
226.5195312500,227.0195312500,0.1785972665,0.0680905683,,,
226.6191406250,227.1191406250,0.1225106354,0.0594652201,,,
226.7187500000,227.2187500000,0.1113292333,0.0452496699,,,
226.8183593750,227.3183593750,0.1240577980,0.0343473058,,,
226.9179687500,227.4179687500,0.1473643597,0.0283722357,,,
227.0175781250,227.5175781250,0.1447392448,0.0444634570,,,
227.1171875000,227.6171875000,0.1414588327,0.0709315366,,,
227.2167968750,227.7167968750,0.1538987538,0.0972448908,,,
227.3164062500,227.8164062500,0.2341939846,0.1067602724,,,
227.4160156250,227.9160156250,0.3785162987,0.1123751897,,,
227.5156250000,228.0156250000,0.5806348178,0.1083975676,,,
227.6152343750,228.1152343750,0.7058695264,0.0923238486,,,
227.7148437500,228.2148437500,0.7935259883,0.0642750654,,,
227.8144531250,228.3144531250,0.7826532429,0.0620582990,,,
227.9140625000,228.4140625000,0.6886107905,0.0769591424,,,
228.0136718750,228.5136718750,0.4978887590,0.0888434625,,,
228.1132812500,228.6132812500,0.3299346453,0.1008033603,,,
228.2128906250,228.7128906250,0.1739411316,0.1190146918,,,
228.3125000000,228.8125000000,0.1330342969,0.1342863573,,,
228.4121093750,228.9121093750,0.1860515263,0.1404257085,,,
228.5117187500,229.0117187500,0.2774468260,0.1461695639,,,
228.6113281250,229.1113281250,0.3540846212,0.1398297553,,,
228.7109375000,229.2109375000,0.3897317659,0.1315404514,,,
228.8105468750,229.3105468750,0.3805317541,0.1283826652,,,
228.9101562500,229.4101562500,0.3424265686,0.1341760633,,,
229.0097656250,229.5097656250,0.2789661587,0.1844616369,,,
229.1093750000,229.6093750000,0.2104525982,0.2682192228,,,
229.2089843750,229.7089843750,0.1656914591,0.3424122936,,,
229.3085937500,229.8085937500,0.1278535185,0.3989778968,,,
229.4082031250,229.9082031250,0.0901767649,0.4028244176,,,
229.5078125000,230.0078125000,0.0564707322,0.3530517273,,,
229.6074218750,230.1074218750,0.0388573170,0.2642168774,,,
229.7070312500,230.2070312500,0.0409176627,0.1938046934,,,
229.8066406250,230.3066406250,0.0614677989,0.1385984990,,,
229.9062500000,230.4062500000,0.0765142839,0.1358314212,,,
230.0058593750,230.5058593750,0.0796645099,0.1450395246,,,
230.1054687500,230.6054687500,0.0702038100,0.1541671908,,,
230.2050781250,230.7050781250,0.0545207669,0.1375135697,,,
230.3046875000,230.8046875000,0.0304610170,0.1033674380,,,
230.4042968750,230.9042968750,0.0213821135,0.0599201962,,,
230.5039062500,231.0039062500,0.0525440466,0.0328600474,,,
230.6035156250,231.1035156250,0.1003338897,0.0138280965,,,
230.7031250000,231.2031250000,0.1639919671,0.0072738985,,,
230.8027343750,231.3027343750,0.2211732225,0.0052608395,,,
230.9023437500,231.4023437500,0.2625353993,0.0066519388,,,
231.0019531250,231.5019531250,0.2545366970,0.0089300815,,,
231.1015625000,231.6015625000,0.2184825036,0.0151615369,,,
231.2011718750,231.7011718750,0.1665014255,0.0347953262,,,
231.3007812500,231.8007812500,0.1178912761,0.0785215016,,,
231.4003906250,231.9003906250,0.0779898662,0.1327501402,,,
231.5000000000,232.0000000000,0.0677236829,0.1956784027,,,
231.5996093750,232.0996093750,0.0870044076,0.2477684610,,,
231.6992187500,232.1992187500,0.1339166963,0.2567037549,,,
231.7988281250,232.2988281250,0.1956621242,0.2295712714,,,
231.8984375000,232.3984375000,0.2933434264,0.1883391980,,,
231.9980468750,232.4980468750,0.3629040405,0.1463347915,,,
232.0976562500,232.5976562500,0.3993407697,0.1082370052,,,
232.1972656250,232.6972656250,0.3925540654,0.0942596548,,,
232.2968750000,232.7968750000,0.3721241685,0.0904955816,,,
232.3964843750,232.8964843750,0.3805908743,0.0791109212,,,
237.9218750000,238.4218750000,0.7245677680,0.2885945349,,,
238.0214843750,238.5214843750,0.8171399140,0.2890308851,,,
238.1210937500,238.6210937500,0.8353108272,0.2708949789,,,
238.2207031250,238.7207031250,0.7646040737,0.2473108459,,,
238.3203125000,238.8203125000,0.6185283529,0.1894604882,,,
238.4199218750,238.9199218750,0.4815391405,0.1418171676,,,
238.5195312500,239.0195312500,0.3624110146,0.0872586979,,,
238.6191406250,239.1191406250,0.3277611739,0.0566400105,,,
238.7187500000,239.2187500000,0.3376861895,0.0299074947,,,
238.8183593750,239.3183593750,0.3241170532,0.0220214350,,,
238.9179687500,239.4179687500,0.3165399984,0.0202451114,,,
239.0175781250,239.5175781250,0.3101840648,0.0216819743,,,
239.1171875000,239.6171875000,0.3599739603,0.0234771400,,,
239.2167968750,239.7167968750,0.4272927854,0.0280742836,,,
239.3164062500,239.8164062500,0.4947947875,0.0377128039,,,
239.4160156250,239.9160156250,0.5270202997,0.0561881122,,,
239.5156250000,240.0156250000,0.4888940509,0.0961260317,,,
239.6152343750,240.1152343750,0.3690304716,0.1388206346,,,
239.7148437500,240.2148437500,0.2186962854,0.1863990203,,,
239.8144531250,240.3144531250,0.1347016039,0.2341060879,,,
239.9140625000,240.4140625000,0.1304826754,0.2460514972,,,
240.0136718750,240.5136718750,0.1821464674,0.2243108184,,,
240.1132812500,240.6132812500,0.2395423674,0.1962378778,,,
240.2128906250,240.7128906250,0.2505289918,0.1718394202,,,
240.3125000000,240.8125000000,0.2266052213,0.1470525478,,,
240.4121093750,240.9121093750,0.1723347308,0.1945704296,,,
240.5117187500,241.0117187500,0.1265640072,0.2847817938,,,
240.6113281250,241.1113281250,0.0984060169,0.3435592140,,,
240.7109375000,241.2109375000,0.1169411223,0.3770369547,,,
240.8105468750,241.3105468750,0.1730927841,0.3642329688,,,
240.9101562500,241.4101562500,0.2420253932,0.2995412432,,,
241.0097656250,241.5097656250,0.3237677003,0.1996080984,,,
241.1093750000,241.6093750000,0.4040381856,0.1334482779,,,
241.2089843750,241.7089843750,0.4535571002,0.0861554092,,,
241.3085937500,241.8085937500,0.4774310185,0.0708191551,,,
241.4082031250,241.9082031250,0.4770486878,0.0739494009,,,
241.5078125000,242.0078125000,0.4670777645,0.0817619163,,,
241.6074218750,242.1074218750,0.4404638873,0.0766705770,,,
241.7070312500,242.2070312500,0.4346598601,0.0711574773,,,
241.8066406250,242.3066406250,0.4150923029,0.0801313164,,,
241.9062500000,242.4062500000,0.3985177130,0.1001924041,,,
242.0058593750,242.5058593750,0.3720891096,0.1287300337,,,
242.1054687500,242.6054687500,0.3223025818,0.1565648795,,,
242.2050781250,242.7050781250,0.2572559684,0.1790667580,,,
242.3046875000,242.8046875000,0.2010083635,0.1849467603,,,
242.4042968750,242.9042968750,0.1444928900,0.1706439750,,,
242.5039062500,243.0039062500,0.0809548312,0.1360221167,,,
242.6035156250,243.1035156250,0.0738226079,0.1122541047,,,
242.7031250000,243.2031250000,0.1189007678,0.0962218980,,,
242.8027343750,243.3027343750,0.2018037191,0.0947711730,,,
242.9023437500,243.4023437500,0.2744647380,0.1097327607,,,
243.0019531250,243.5019531250,0.3261156822,0.1131501178,,,
243.1015625000,243.6015625000,0.3420535497,0.0971786469,,,
243.2011718750,243.7011718750,0.3157869357,0.0742461116,,,
243.3007812500,243.8007812500,0.2675179623,0.0462061998,,,
243.4003906250,243.9003906250,0.2101626911,0.0277386966,,,
243.5000000000,244.0000000000,0.1684032193,0.0384247796,,,
243.5996093750,244.0996093750,0.1386255391,0.0689203392,,,
243.6992187500,244.1992187500,0.1422880556,0.0800009403,,,
243.7988281250,244.2988281250,0.1601355369,0.0822774953,,,
243.8984375000,244.3984375000,0.2111771119,0.0776640998,,,
243.9980468750,244.4980468750,0.2342051060,0.0693645675,,,
244.0976562500,244.5976562500,0.2182897473,0.0503929713,,,
244.1972656250,244.6972656250,0.2071836319,0.0635076498,,,
244.2968750000,244.7968750000,0.2263824436,0.1149043872,,,
244.3964843750,244.8964843750,0.2620560245,0.1751426365,,,
261.9218750000,262.4218750000,0.2081151512,0.0811267285,,,
262.0214843750,262.5214843750,0.2921527267,0.0293390656,,,
262.1210937500,262.6210937500,0.3751553780,0.0104837321,,,
262.2207031250,262.7207031250,0.4416556979,0.0063236455,,,
262.3203125000,262.8203125000,0.5060089497,0.0087407159,,,
262.4199218750,262.9199218750,0.5210425251,0.0137507053,,,
262.5195312500,263.0195312500,0.4870658549,0.0174948335,,,
262.6191406250,263.1191406250,0.4307585461,0.0210911874,,,
262.7187500000,263.2187500000,0.3589249547,0.0337621256,,,
262.8183593750,263.3183593750,0.2554668428,0.0502306552,,,
262.9179687500,263.4179687500,0.1892257463,0.0713391742,,,
263.0175781250,263.5175781250,0.1496156592,0.0783315360,,,
263.1171875000,263.6171875000,0.1099708641,0.0768877192,,,
263.2167968750,263.7167968750,0.0673015042,0.0642801296,,,
263.3164062500,263.8164062500,0.0373811547,0.0485208484,,,
263.4160156250,263.9160156250,0.0255281375,0.0258017378,,,
263.5156250000,264.0156250000,0.0332926222,0.0205317105,,,
263.6152343750,264.1152343750,0.0458159660,0.0359498267,,,
263.7148437500,264.2148437500,0.0529483664,0.0587679307,,,
263.8144531250,264.3144531250,0.0496325361,0.0815617316,,,
263.9140625000,264.4140625000,0.0485899933,0.1092044934,,,
264.0136718750,264.5136718750,0.0451348786,0.1316120923,,,
264.1132812500,264.6132812500,0.0399847988,0.1616601498,,,
264.2128906250,264.7128906250,0.0388519209,0.1993695475,,,
264.3125000000,264.8125000000,0.0628159935,0.2477420181,,,
264.4121093750,264.9121093750,0.1210397804,0.2993268533,,,
264.5117187500,265.0117187500,0.1809071113,0.3168552047,,,
264.6113281250,265.1113281250,0.2576216236,0.3019143334,,,
264.7109375000,265.2109375000,0.3072527600,0.2690399156,,,
264.8105468750,265.3105468750,0.3368385909,0.2329277684,,,
264.9101562500,265.4101562500,0.3242359932,0.1658492657,,,
265.0097656250,265.5097656250,0.3005044612,0.1204178770,,,
265.1093750000,265.6093750000,0.2611251211,0.0951960878,,,
265.2089843750,265.7089843750,0.2387262451,0.0727931698,,,
265.3085937500,265.8085937500,0.2246008567,0.0483841733,,,
265.4082031250,265.9082031250,0.2010906059,0.0573258511,,,
265.5078125000,266.0078125000,0.1777812448,0.0969562442,,,
265.6074218750,266.1074218750,0.1533017530,0.1430941059,,,
265.7070312500,266.2070312500,0.1385257090,0.1989662249,,,
265.8066406250,266.3066406250,0.1344490713,0.2411770462,,,
265.9062500000,266.4062500000,0.1560863174,0.2693790825,,,
266.0058593750,266.5058593750,0.1652783389,0.3036264501,,,
266.1054687500,266.6054687500,0.1636688225,0.3471976001,,,
266.2050781250,266.7050781250,0.1564869983,0.3710616416,,,
266.3046875000,266.8046875000,0.1358931504,0.4042522815,,,
266.4042968750,266.9042968750,0.1059417000,0.4140223093,,,
266.5039062500,267.0039062500,0.0954610399,0.3807020755,,,
266.6035156250,267.1035156250,0.0862590882,0.3184361634,,,
266.7031250000,267.2031250000,0.0708425965,0.2488238435,,,
266.8027343750,267.3027343750,0.0700466712,0.1625030559,,,
266.9023437500,267.4023437500,0.1056952624,0.0929989376,,,
267.0019531250,267.5019531250,0.1519575327,0.0578482518,,,
267.1015625000,267.6015625000,0.2313583406,0.0333911089,,,
267.2011718750,267.7011718750,0.2971650983,0.0228974213,,,
267.3007812500,267.8007812500,0.3317662951,0.0188360739,,,
267.4003906250,267.9003906250,0.3221272682,0.0138835330,,,
267.5000000000,268.0000000000,0.2777914885,0.0084502203,,,
267.5996093750,268.0996093750,0.2038674749,0.0066241826,,,
267.6992187500,268.1992187500,0.1363654953,0.0050377041,,,
267.7988281250,268.2988281250,0.1053790102,0.0041471818,,,
267.8984375000,268.3984375000,0.1162882764,0.0069975280,,,
267.9980468750,268.4980468750,0.1466588990,0.0163356997,,,
268.0976562500,268.5976562500,0.1662585369,0.0365490249,,,
268.1972656250,268.6972656250,0.1717852035,0.0805371270,,,
268.2968750000,268.7968750000,0.1766501411,0.1346638040,,,
268.3964843750,268.8964843750,0.1826419560,0.1852686936,,,
273.9218750000,274.4218750000,0.3205440753,0.0577701762,,,
274.0214843750,274.5214843750,0.2582049985,0.0651727753,,,
274.1210937500,274.6210937500,0.1852322765,0.0806912052,,,
274.2207031250,274.7207031250,0.0997598528,0.1127970180,,,
274.3203125000,274.8203125000,0.0622471126,0.1405898199,,,
274.4199218750,274.9199218750,0.0688550215,0.1963085324,,,
274.5195312500,275.0195312500,0.0968427905,0.2435781381,,,
274.6191406250,275.1191406250,0.1337507462,0.2962842040,,,
274.7187500000,275.2187500000,0.1633581777,0.3078491362,,,
274.8183593750,275.3183593750,0.2168178548,0.3046309665,,,
274.9179687500,275.4179687500,0.2719558475,0.2751866495,,,
275.0175781250,275.5175781250,0.3705619354,0.2432515615,,,
275.1171875000,275.6171875000,0.4402799075,0.1911775962,,,
275.2167968750,275.7167968750,0.4921536550,0.1472968978,,,
275.3164062500,275.8164062500,0.5082412664,0.1074216468,,,
275.4160156250,275.9160156250,0.4808624830,0.0781156417,,,
275.5156250000,276.0156250000,0.4176463248,0.0934257823,,,
275.6152343750,276.1152343750,0.3633060530,0.1391270576,,,
275.7148437500,276.2148437500,0.3084448730,0.1953548203,,,
275.8144531250,276.3144531250,0.2488996949,0.2522039328,,,
275.9140625000,276.4140625000,0.1992509482,0.2674939957,,,
276.0136718750,276.5136718750,0.1426926905,0.2402748614,,,
276.1132812500,276.6132812500,0.1020819231,0.1786114379,,,
276.2128906250,276.7128906250,0.1202079648,0.1135385160,,,
276.3125000000,276.8125000000,0.1837856775,0.0543777302,,,
276.4121093750,276.9121093750,0.3156535824,0.0439753093,,,
276.5117187500,277.0117187500,0.4420296539,0.0443720918,,,
276.6113281250,277.1113281250,0.5424180664,0.0482286650,,,
276.7109375000,277.2109375000,0.5909209677,0.0471253787,,,
276.8105468750,277.3105468750,0.5698926614,0.0441184052,,,
276.9101562500,277.4101562500,0.4882051498,0.0452049125,,,
277.0097656250,277.5097656250,0.3816689266,0.0563412440,,,
277.1093750000,277.6093750000,0.2551082974,0.0764342091,,,
277.2089843750,277.7089843750,0.1314219864,0.0981282992,,,
277.3085937500,277.8085937500,0.1190055930,0.1152696103,,,
277.4082031250,277.9082031250,0.1703576703,0.1254573805,,,
277.5078125000,278.0078125000,0.2888646549,0.1222539170,,,
277.6074218750,278.1074218750,0.3862094722,0.1096274472,,,
277.7070312500,278.2070312500,0.4708516192,0.0936111129,,,
277.8066406250,278.3066406250,0.4722115915,0.0768774877,,,
277.9062500000,278.4062500000,0.4229242702,0.0527770124,,,
278.0058593750,278.5058593750,0.3077373538,0.0364027529,,,
278.1054687500,278.6054687500,0.2248610179,0.0265972608,,,
278.2050781250,278.7050781250,0.2046370684,0.0190776458,,,
278.3046875000,278.8046875000,0.2717191711,0.0194201338,,,
278.4042968750,278.9042968750,0.4009311636,0.0295568970,,,
278.5039062500,279.0039062500,0.5065772177,0.0541344332,,,
278.6035156250,279.1035156250,0.5660204910,0.0811180533,,,
278.7031250000,279.2031250000,0.5386452406,0.1191902085,,,
278.8027343750,279.3027343750,0.4591885463,0.1590434112,,,
278.9023437500,279.4023437500,0.3543043131,0.1958402801,,,
279.0019531250,279.5019531250,0.2927071214,0.2311171488,,,
279.1015625000,279.6015625000,0.3518096569,0.2395164212,,,
279.2011718750,279.7011718750,0.4430218447,0.2150458001,,,
279.3007812500,279.8007812500,0.5671443608,0.1706495308,,,
279.4003906250,279.9003906250,0.6401603526,0.1283377745,,,
279.5000000000,280.0000000000,0.6662652558,0.0894222737,,,
279.5996093750,280.0996093750,0.5991374208,0.0735481306,,,
279.6992187500,280.1992187500,0.4939400639,0.0870456353,,,
279.7988281250,280.2988281250,0.3650076430,0.1009949746,,,
279.8984375000,280.3984375000,0.2599620640,0.1102614688,,,
279.9980468750,280.4980468750,0.2140233036,0.1029446163,,,
280.0976562500,280.5976562500,0.2182071375,0.0914938466,,,
280.1972656250,280.6972656250,0.2649420125,0.0752347133,,,
280.2968750000,280.7968750000,0.2914952345,0.0659592050,,,
280.3964843750,280.8964843750,0.2847663512,0.0634233709,,,
285.9218750000,286.4218750000,0.0372927742,0.0623137325,,,
286.0214843750,286.5214843750,0.0629552050,0.0490203942,,,
286.1210937500,286.6210937500,0.1298295259,0.0357940499,,,
286.2207031250,286.7207031250,0.1831541670,0.0327922462,,,
286.3203125000,286.8203125000,0.2232120982,0.0345822283,,,
286.4199218750,286.9199218750,0.2524130664,0.0405074290,,,
286.5195312500,287.0195312500,0.3541125222,0.0469597433,,,
286.6191406250,287.1191406250,0.4817845316,0.0621829325,,,
286.7187500000,287.2187500000,0.6925347345,0.0830934962,,,
286.8183593750,287.3183593750,0.8535372583,0.1162711515,,,
286.9179687500,287.4179687500,0.9583339993,0.1363368090,,,
287.0175781250,287.5175781250,0.9870071371,0.1366418828,,,
287.1171875000,287.6171875000,0.9253944798,0.1175457019,,,
287.2167968750,287.7167968750,0.7630126105,0.0858082471,,,
287.3164062500,287.8164062500,0.5535312472,0.0474831393,,,
287.4160156250,287.9160156250,0.3621882007,0.0237312395,,,
287.5156250000,288.0156250000,0.1744013761,0.0239083411,,,
287.6152343750,288.1152343750,0.1106119618,0.0350689455,,,
287.7148437500,288.2148437500,0.1548085779,0.0417911374,,,
287.8144531250,288.3144531250,0.3132112478,0.0431603277,,,
287.9140625000,288.4140625000,0.4320821964,0.0457266889,,,
288.0136718750,288.5136718750,0.5221240797,0.0591472745,,,
288.1132812500,288.6132812500,0.5451515789,0.0926597619,,,
288.2128906250,288.7128906250,0.5091729546,0.1570064660,,,
288.3125000000,288.8125000000,0.3948691056,0.1946704902,,,
288.4121093750,288.9121093750,0.2915937312,0.2145732935,,,
288.5117187500,289.0117187500,0.1910824908,0.2109035476,,,
288.6113281250,289.1113281250,0.1592230695,0.1855023724,,,
288.7109375000,289.2109375000,0.1896722550,0.1453229127,,,
288.8105468750,289.3105468750,0.2555028928,0.1534943588,,,
288.9101562500,289.4101562500,0.2777947415,0.2158340088,,,
289.0097656250,289.5097656250,0.2770046426,0.3077048307,,,
289.1093750000,289.6093750000,0.2606514545,0.3681449103,,,
289.2089843750,289.7089843750,0.2993791970,0.3955665563,,,
289.3085937500,289.8085937500,0.3640722979,0.3739066481,,,
289.4082031250,289.9082031250,0.5342455662,0.3093389499,,,
289.5078125000,290.0078125000,0.6426897420,0.2054817352,,,
289.6074218750,290.1074218750,0.6824928824,0.1233242832,,,
289.7070312500,290.2070312500,0.6302458872,0.0631061648,,,
289.8066406250,290.3066406250,0.5380822888,0.0368685367,,,
289.9062500000,290.4062500000,0.4136812326,0.0308428044,,,
290.0058593750,290.5058593750,0.3418266966,0.0373387714,,,
290.1054687500,290.6054687500,0.3582482164,0.0608673277,,,
290.2050781250,290.7050781250,0.3936178218,0.1140661201,,,
290.3046875000,290.8046875000,0.4021796462,0.1605307273,,,
290.4042968750,290.9042968750,0.3457035293,0.1905169414,,,
290.5039062500,291.0039062500,0.2830278571,0.2111060095,,,
290.6035156250,291.1035156250,0.2096380757,0.2330669576,,,
290.7031250000,291.2031250000,0.1510838254,0.2382585888,,,
290.8027343750,291.3027343750,0.1041924593,0.2409110277,,,
290.9023437500,291.4023437500,0.1010947049,0.2238458256,,,
291.0019531250,291.5019531250,0.0861342007,0.2151030675,,,
291.1015625000,291.6015625000,0.0760161135,0.2119831025,,,
291.2011718750,291.7011718750,0.0747422562,0.2204453387,,,
291.3007812500,291.8007812500,0.0795314080,0.1959281523,,,
291.4003906250,291.9003906250,0.0653486378,0.1801206302,,,
291.5000000000,292.0000000000,0.0514423441,0.1714419494,,,
291.5996093750,292.0996093750,0.0432310289,0.1630997915,,,
291.6992187500,292.1992187500,0.0407668622,0.1495830742,,,
291.7988281250,292.2988281250,0.0310890837,0.1611241283,,,
291.8984375000,292.3984375000,0.0205501125,0.2012126244,,,
291.9980468750,292.4980468750,0.0130777461,0.2264052029,,,
292.0976562500,292.5976562500,0.0104491149,0.2403954647,,,
292.1972656250,292.6972656250,0.0131131576,0.2218673627,,,
292.2968750000,292.7968750000,0.0167101654,0.2033619279,,,
292.3964843750,292.8964843750,0.0164467934,0.1779060839,,,
297.9218750000,298.4218750000,0.0597809451,0.1038419911,,,
298.0214843750,298.5214843750,0.0714609299,0.0710336017,,,
298.1210937500,298.6210937500,0.0712405237,0.0395261152,,,
298.2207031250,298.7207031250,0.0677767907,0.0227515280,,,
298.3203125000,298.8203125000,0.0696524492,0.0130843623,,,
298.4199218750,298.9199218750,0.0840178341,0.0238549587,,,
298.5195312500,299.0195312500,0.1095740104,0.0628008435,,,
298.6191406250,299.1191406250,0.1178305110,0.1201522238,,,
298.7187500000,299.2187500000,0.1115576012,0.1872728775,,,
298.8183593750,299.3183593750,0.0998869227,0.2337716821,,,
298.9179687500,299.4179687500,0.0836905898,0.2582798376,,,
299.0175781250,299.5175781250,0.0580886505,0.2329878132,,,
299.1171875000,299.6171875000,0.0647723855,0.1838310832,,,
299.2167968750,299.7167968750,0.1102527631,0.1230669452,,,
299.3164062500,299.8164062500,0.1790893206,0.1018632874,,,
299.4160156250,299.9160156250,0.3143310698,0.1049680847,,,
299.5156250000,300.0156250000,0.4525919427,0.1287068185,,,
299.6152343750,300.1152343750,0.5887683535,0.1709281272,,,
299.7148437500,300.2148437500,0.6745631233,0.2369565743,,,
299.8144531250,300.3144531250,0.6759866768,0.2825577174,,,
299.9140625000,300.4140625000,0.6070782291,0.3018900529,,,
300.0136718750,300.5136718750,0.5196748423,0.3233134122,,,
300.1132812500,300.6132812500,0.4321426382,0.3174572789,,,
300.2128906250,300.7128906250,0.3453589112,0.2717623308,,,
300.3125000000,300.8125000000,0.3267532039,0.2192022127,,,
300.4121093750,300.9121093750,0.3217575202,0.1791735557,,,
300.5117187500,301.0117187500,0.3108231991,0.1569349911,,,
300.6113281250,301.1113281250,0.3219694776,0.1560930825,,,
300.7109375000,301.2109375000,0.3578069314,0.1685015253,,,
300.8105468750,301.3105468750,0.4071764568,0.1792486799,,,
300.9101562500,301.4101562500,0.4546260141,0.1879970900,,,
301.0097656250,301.5097656250,0.4573344975,0.1967858000,,,
301.1093750000,301.6093750000,0.4123801141,0.2036853740,,,
301.2089843750,301.7089843750,0.3496121497,0.2157826991,,,
301.3085937500,301.8085937500,0.2683308636,0.2605400248,,,
301.4082031250,301.9082031250,0.1805215761,0.3283250438,,,
301.5078125000,302.0078125000,0.1307369228,0.4397128743,,,
301.6074218750,302.1074218750,0.1104691147,0.5974826072,,,
301.7070312500,302.2070312500,0.1194295780,0.7334195393,,,
301.8066406250,302.3066406250,0.1454360424,0.8665690914,,,
301.9062500000,302.4062500000,0.1619656865,0.9147491851,,,
302.0058593750,302.5058593750,0.1622713387,0.8975108697,,,
302.1054687500,302.6054687500,0.1446264707,0.7830859857,,,
302.2050781250,302.7050781250,0.1088189620,0.6322915932,,,
302.3046875000,302.8046875000,0.1033870700,0.4019278468,,,
302.4042968750,302.9042968750,0.1436827511,0.2215862923,,,
302.5039062500,303.0039062500,0.2133514002,0.0964953514,,,
302.6035156250,303.1035156250,0.2669757651,0.0466883529,,,
302.7031250000,303.2031250000,0.2834061655,0.0493754459,,,
302.8027343750,303.3027343750,0.2612144047,0.0555461486,,,
302.9023437500,303.4023437500,0.2099288881,0.0543028592,,,
303.0019531250,303.5019531250,0.1522423532,0.0453130400,,,
303.1015625000,303.6015625000,0.1366793102,0.0376883671,,,
303.2011718750,303.7011718750,0.1772279663,0.0426949409,,,
303.3007812500,303.8007812500,0.2514226534,0.0613523052,,,
303.4003906250,303.9003906250,0.3321998553,0.0940665021,,,
303.5000000000,304.0000000000,0.3559827264,0.1491977119,,,
303.5996093750,304.0996093750,0.3298440494,0.1878780689,,,
303.6992187500,304.1992187500,0.2692765677,0.2051594694,,,
303.7988281250,304.2988281250,0.1921912130,0.1945755846,,,
303.8984375000,304.3984375000,0.1182675555,0.1630576804,,,
303.9980468750,304.4980468750,0.1150912321,0.1084607457,,,
304.0976562500,304.5976562500,0.1477980947,0.0689890321,,,
304.1972656250,304.6972656250,0.2040497586,0.0521980835,,,
304.2968750000,304.7968750000,0.2326428987,0.0570454150,,,
304.3964843750,304.8964843750,0.2263290007,0.0750036163,,,
321.9218750000,322.4218750000,0.2806183502,0.5122450992,,,
322.0214843750,322.5214843750,0.4514745609,0.5639805987,,,
322.1210937500,322.6210937500,0.6032336741,0.5542210436,,,
322.2207031250,322.7207031250,0.7108788354,0.4739081536,,,
322.3203125000,322.8203125000,0.7665069912,0.3362450508,,,
322.4199218750,322.9199218750,0.7414547192,0.2290732420,,,
322.5195312500,323.0195312500,0.6251264503,0.1435603850,,,
322.6191406250,323.1191406250,0.4691382521,0.0895741706,,,
322.7187500000,323.2187500000,0.3165184585,0.0745748286,,,
322.8183593750,323.3183593750,0.1574649663,0.0686216170,,,
322.9179687500,323.4179687500,0.0739373417,0.0674745380,,,
323.0175781250,323.5175781250,0.0605131535,0.0876540465,,,
323.1171875000,323.6171875000,0.0787381919,0.1324907783,,,
323.2167968750,323.7167968750,0.1035218675,0.1633226527,,,
323.3164062500,323.8164062500,0.1233004566,0.1756686177,,,
323.4160156250,323.9160156250,0.1649750230,0.1692652283,,,
323.5156250000,324.0156250000,0.2306542217,0.1476494408,,,
323.6152343750,324.1152343750,0.3353693011,0.1041772903,,,
323.7148437500,324.2148437500,0.4015357931,0.0803934324,,,
323.8144531250,324.3144531250,0.4075244955,0.0665033371,,,
323.9140625000,324.4140625000,0.3700649285,0.0655742658,,,
324.0136718750,324.5136718750,0.3020500696,0.0597753664,,,
324.1132812500,324.6132812500,0.2104924852,0.0523321900,,,
324.2128906250,324.7128906250,0.1536730855,0.0501044898,,,
324.3125000000,324.8125000000,0.1712682506,0.0660891208,,,
324.4121093750,324.9121093750,0.2334883931,0.0871547023,,,
324.5117187500,325.0117187500,0.2758350696,0.0996703056,,,
324.6113281250,325.1113281250,0.2871756420,0.1038007856,,,
324.7109375000,325.2109375000,0.2750967243,0.0939368618,,,
324.8105468750,325.3105468750,0.2549736157,0.0750134583,,,
324.9101562500,325.4101562500,0.2130478552,0.0591787725,,,
325.0097656250,325.5097656250,0.1806425275,0.0533712854,,,
325.1093750000,325.6093750000,0.1457776394,0.0521521617,,,
325.2089843750,325.7089843750,0.1205657860,0.0572144174,,,
325.3085937500,325.8085937500,0.1267859984,0.0676865491,,,
325.4082031250,325.9082031250,0.2038142338,0.0718720151,,,
325.5078125000,326.0078125000,0.3096042875,0.0788483875,,,
325.6074218750,326.1074218750,0.4627531520,0.0874223696,,,
325.7070312500,326.2070312500,0.5810298301,0.0873657996,,,
325.8066406250,326.3066406250,0.6222727606,0.0955502361,,,
325.9062500000,326.4062500000,0.5908842785,0.1505994927,,,
326.0058593750,326.5058593750,0.5029161961,0.2480975953,,,
326.1054687500,326.6054687500,0.3655514957,0.3110181699,,,
326.2050781250,326.7050781250,0.2273889204,0.3464205928,,,
326.3046875000,326.8046875000,0.1984301826,0.3318173996,,,
326.4042968750,326.9042968750,0.2570427058,0.2795964712,,,
326.5039062500,327.0039062500,0.3464455161,0.2103190844,,,
326.6035156250,327.1035156250,0.4722880882,0.1832906621,,,
326.7031250000,327.2031250000,0.5502397344,0.1883434513,,,
326.8027343750,327.3027343750,0.5903903004,0.2012911625,,,
326.9023437500,327.4023437500,0.5739150682,0.1972166854,,,
327.0019531250,327.5019531250,0.5445232007,0.1655136268,,,
327.1015625000,327.6015625000,0.4578785280,0.1221856073,,,
327.2011718750,327.7011718750,0.3594584540,0.0898824893,,,
327.3007812500,327.8007812500,0.2636937173,0.0811600241,,,
327.4003906250,327.9003906250,0.1810858419,0.0921178674,,,
327.5000000000,328.0000000000,0.1218823793,0.0941570315,,,
327.5996093750,328.0996093750,0.0948135928,0.0995910292,,,
327.6992187500,328.1992187500,0.1097937924,0.1046973116,,,
327.7988281250,328.2988281250,0.1569680993,0.1285769147,,,
327.8984375000,328.3984375000,0.2082168591,0.1683960222,,,
327.9980468750,328.4980468750,0.2483294989,0.1886508677,,,
328.0976562500,328.5976562500,0.2818963377,0.1833313206,,,
328.1972656250,328.6972656250,0.3201631352,0.1705055174,,,
328.2968750000,328.7968750000,0.3184519477,0.1761158418,,,
328.3964843750,328.8964843750,0.2912817369,0.1925086095,,,
333.9218750000,334.4218750000,0.1245477569,0.5283750070,,,
334.0214843750,334.5214843750,0.1168317695,0.5011823736,,,
334.1210937500,334.6210937500,0.1085720216,0.4389091357,,,
334.2207031250,334.7207031250,0.1525143247,0.3951932685,,,
334.3203125000,334.8203125000,0.2863447901,0.3446962533,,,
334.4199218750,334.9199218750,0.4146611633,0.2643533922,,,
334.5195312500,335.0195312500,0.5173035324,0.1808584856,,,
334.6191406250,335.1191406250,0.5919505735,0.1373247520,,,
334.7187500000,335.2187500000,0.5897765036,0.1181428593,,,
334.8183593750,335.3183593750,0.4978308828,0.1220932766,,,
334.9179687500,335.4179687500,0.3791488615,0.1237509301,,,
335.0175781250,335.5175781250,0.2783203216,0.1134383491,,,
335.1171875000,335.6171875000,0.1925189357,0.0934733605,,,
335.2167968750,335.7167968750,0.1720347528,0.0654459154,,,
335.3164062500,335.8164062500,0.1850326315,0.0306523783,,,
335.4160156250,335.9160156250,0.1954311682,0.0156952511,,,
335.5156250000,336.0156250000,0.1883358284,0.0142992756,,,
335.6152343750,336.1152343750,0.1492751400,0.0320110561,,,
335.7148437500,336.2148437500,0.0932121297,0.0823197972,,,
335.8144531250,336.3144531250,0.0754402796,0.1510795063,,,
335.9140625000,336.4140625000,0.1150574893,0.2233496709,,,
336.0136718750,336.5136718750,0.2394251362,0.2851930937,,,
336.1132812500,336.6132812500,0.3618846760,0.3066029945,,,
336.2128906250,336.7128906250,0.5019525545,0.2887674767,,,
336.3125000000,336.8125000000,0.5764098251,0.2413572405,,,
336.4121093750,336.9121093750,0.6038648236,0.1931380425,,,
336.5117187500,337.0117187500,0.5529845094,0.1530705818,,,
336.6113281250,337.1113281250,0.4740197647,0.1292944633,,,
336.7109375000,337.2109375000,0.3552127686,0.1059192737,,,
336.8105468750,337.3105468750,0.2739453854,0.1000772914,,,
336.9101562500,337.4101562500,0.2372514824,0.1109634587,,,
337.0097656250,337.5097656250,0.2212051050,0.1404733657,,,
337.1093750000,337.6093750000,0.2139996646,0.1619281489,,,
337.2089843750,337.7089843750,0.1887197963,0.1828708870,,,
337.3085937500,337.8085937500,0.1524906431,0.1803582163,,,
337.4082031250,337.9082031250,0.0972190241,0.1494652486,,,
337.5078125000,338.0078125000,0.0517171905,0.0876029792,,,
337.6074218750,338.1074218750,0.0417404034,0.0542618792,,,
337.7070312500,338.2070312500,0.0787376116,0.0460360276,,,
337.8066406250,338.3066406250,0.1254510137,0.0759976311,,,
337.9062500000,338.4062500000,0.1688266169,0.1127658324,,,
338.0058593750,338.5058593750,0.2088920074,0.1508958292,,,
338.1054687500,338.6054687500,0.2359029101,0.1624594978,,,
338.2050781250,338.7050781250,0.2655881292,0.1649580630,,,
338.3046875000,338.8046875000,0.2751569233,0.1351648607,,,
338.4042968750,338.9042968750,0.2822409676,0.0982540886,,,
338.5039062500,339.0039062500,0.2548742351,0.0578331446,,,
338.6035156250,339.1035156250,0.2105282223,0.0477238604,,,
338.7031250000,339.2031250000,0.1579449742,0.0438580434,,,
338.8027343750,339.3027343750,0.1351693923,0.0478903418,,,
338.9023437500,339.4023437500,0.1198511381,0.0539351762,,,
339.0019531250,339.5019531250,0.1177052869,0.0762532532,,,
339.1015625000,339.6015625000,0.1346546269,0.1092332886,,,
339.2011718750,339.7011718750,0.1830607134,0.1828889447,,,
339.3007812500,339.8007812500,0.2791364456,0.2513536288,,,
339.4003906250,339.9003906250,0.4366468596,0.3227785711,,,
339.5000000000,340.0000000000,0.5442139164,0.3584666974,,,
339.5996093750,340.0996093750,0.6160720415,0.3627964225,,,
339.6992187500,340.1992187500,0.6218352560,0.3314949876,,,
339.7988281250,340.2988281250,0.5586754730,0.2932161832,,,
339.8984375000,340.3984375000,0.4102457607,0.2592604447,,,
339.9980468750,340.4980468750,0.2727129069,0.2363039514,,,
340.0976562500,340.5976562500,0.1648776000,0.2251783591,,,
340.1972656250,340.6972656250,0.0947804715,0.2105501278,,,
340.2968750000,340.7968750000,0.0704606347,0.2065206255,,,
340.3964843750,340.8964843750,0.0582980771,0.2064791546,,,
357.9218750000,358.4218750000,0.0717539123,0.2695630820,,,
358.0214843750,358.5214843750,0.0975651231,0.2581286699,,,
358.1210937500,358.6210937500,0.1380146256,0.2371035671,,,
358.2207031250,358.7207031250,0.1728094250,0.2066338866,,,
358.3203125000,358.8203125000,0.2051272036,0.1932884049,,,
358.4199218750,358.9199218750,0.2295343714,0.1761490721,,,
358.5195312500,359.0195312500,0.2259773893,0.1574513361,,,
358.6191406250,359.1191406250,0.2026269425,0.1550567774,,,
358.7187500000,359.2187500000,0.1962839788,0.1402475957,,,
358.8183593750,359.3183593750,0.2409230214,0.1131186853,,,
358.9179687500,359.4179687500,0.2951945165,0.0888027817,,,
359.0175781250,359.5175781250,0.3697722146,0.0619424646,,,
359.1171875000,359.6171875000,0.3957105266,0.0345836788,,,
359.2167968750,359.7167968750,0.4022094771,0.0270631688,,,
359.3164062500,359.8164062500,0.3604744756,0.0317648391,,,
359.4160156250,359.9160156250,0.3130247498,0.0374742871,,,
359.5156250000,360.0156250000,0.2632817895,0.0335068019,,,
359.6152343750,360.1152343750,0.2393747089,0.0280232283,,,
359.7148437500,360.2148437500,0.2030739535,0.0207877662,,,
359.8144531250,360.3144531250,0.1733492578,0.0142685865,,,
359.9140625000,360.4140625000,0.2056466581,0.0080908936,,,
360.0136718750,360.5136718750,0.2891414431,0.0099083735,,,
360.1132812500,360.6132812500,0.4292234639,0.0188369361,,,
360.2128906250,360.7128906250,0.5584068163,0.0337324904,,,
360.3125000000,360.8125000000,0.6152213609,0.0548980710,,,
360.4121093750,360.9121093750,0.6056538592,0.0592674152,,,
360.5117187500,361.0117187500,0.5314615720,0.0556011388,,,
360.6113281250,361.1113281250,0.4196940915,0.0543173949,,,
360.7109375000,361.2109375000,0.3191317160,0.0567275464,,,
360.8105468750,361.3105468750,0.3538240220,0.0639762850,,,
360.9101562500,361.4101562500,0.4443958359,0.0707154865,,,
361.0097656250,361.5097656250,0.5297268367,0.0745238213,,,
361.1093750000,361.6093750000,0.5995750253,0.0767768005,,,
361.2089843750,361.7089843750,0.5954607997,0.0727565716,,,
361.3085937500,361.8085937500,0.5154585613,0.0547329832,,,
361.4082031250,361.9082031250,0.3821061893,0.0507197965,,,
361.5078125000,362.0078125000,0.2607592475,0.0766283667,,,
361.6074218750,362.1074218750,0.1403922438,0.1037790229,,,
361.7070312500,362.2070312500,0.0961835558,0.1388102652,,,
361.8066406250,362.3066406250,0.0927270488,0.1816066035,,,
361.9062500000,362.4062500000,0.0921290004,0.2102914660,,,
362.0058593750,362.5058593750,0.0753430992,0.2172449605,,,
362.1054687500,362.6054687500,0.0504560725,0.2082960415,,,
362.2050781250,362.7050781250,0.0388034924,0.1728259342,,,
362.3046875000,362.8046875000,0.0605147574,0.1278672817,,,
362.4042968750,362.9042968750,0.1195354768,0.0970788667,,,
362.5039062500,363.0039062500,0.1851504488,0.0839306947,,,
362.6035156250,363.1035156250,0.2184430341,0.0862247115,,,
362.7031250000,363.2031250000,0.2265913893,0.1199436062,,,
362.8027343750,363.3027343750,0.1992203913,0.1763959918,,,
362.9023437500,363.4023437500,0.1454480552,0.2211289429,,,
363.0019531250,363.5019531250,0.0833995092,0.2694765453,,,
363.1015625000,363.6015625000,0.0699126200,0.2939545936,,,
363.2011718750,363.7011718750,0.0621322186,0.2957143194,,,
363.3007812500,363.8007812500,0.0635095349,0.2713844569,,,
363.4003906250,363.9003906250,0.0636601406,0.2472412623,,,
363.5000000000,364.0000000000,0.0567884303,0.2126063539,,,
363.5996093750,364.0996093750,0.0382213900,0.1928930727,,,
363.6992187500,364.1992187500,0.0543715667,0.1797705376,,,
363.7988281250,364.2988281250,0.1140074820,0.1547727641,,,
363.8984375000,364.3984375000,0.1962930865,0.1241146306,,,
363.9980468750,364.4980468750,0.2936988464,0.0974962344,,,
364.0976562500,364.5976562500,0.3474280471,0.0687510485,,,
364.1972656250,364.6972656250,0.3601262294,0.0520599571,,,
364.2968750000,364.7968750000,0.3186236512,0.0407579706,,,
364.3964843750,364.8964843750,0.2614281435,0.0420743997,,,
369.9218750000,370.4218750000,0.4639847196,0.0237433642,,,
370.0214843750,370.5214843750,0.4966272285,0.0281086495,,,
370.1210937500,370.6210937500,0.5925890795,0.0329469788,,,
370.2207031250,370.7207031250,0.6701020726,0.0355536950,,,
370.3203125000,370.8203125000,0.7715649848,0.0474890798,,,
370.4199218750,370.9199218750,0.8195473164,0.0612949886,,,
370.5195312500,371.0195312500,0.8178894335,0.0976888417,,,
370.6191406250,371.1191406250,0.7277338417,0.1397662696,,,
370.7187500000,371.2187500000,0.6182678274,0.1881422873,,,
370.8183593750,371.3183593750,0.4522890498,0.2052513102,,,
370.9179687500,371.4179687500,0.3318357310,0.1933302225,,,
371.0175781250,371.5175781250,0.2671274873,0.1529174570,,,
371.1171875000,371.6171875000,0.2804497357,0.1025771802,,,
371.2167968750,371.7167968750,0.3152881773,0.0477871308,,,
371.3164062500,371.8164062500,0.3624408933,0.0148624276,,,
371.4160156250,371.9160156250,0.3536700591,0.0195973008,,,
371.5156250000,372.0156250000,0.3328870145,0.0496534505,,,
371.6152343750,372.1152343750,0.2799611294,0.0864967054,,,
371.7148437500,372.2148437500,0.2510827081,0.1255903121,,,
371.8144531250,372.3144531250,0.2164191616,0.1447242294,,,
371.9140625000,372.4140625000,0.2275166706,0.1415143041,,,
372.0136718750,372.5136718750,0.2438270127,0.1198366907,,,
372.1132812500,372.6132812500,0.2402232772,0.0919010837,,,
372.2128906250,372.7128906250,0.2100896900,0.0631397669,,,
372.3125000000,372.8125000000,0.1832136669,0.0466530438,,,
372.4121093750,372.9121093750,0.1863951582,0.0465339396,,,
372.5117187500,373.0117187500,0.2081930556,0.0559209724,,,
372.6113281250,373.1113281250,0.2462209683,0.0814311726,,,
372.7109375000,373.2109375000,0.2816441845,0.1233838831,,,
372.8105468750,373.3105468750,0.2834182865,0.1919414559,,,
372.9101562500,373.4101562500,0.2421626398,0.2491965768,,,
373.0097656250,373.5097656250,0.1722197726,0.3167017745,,,
373.1093750000,373.6093750000,0.1200792357,0.3398220135,,,
373.2089843750,373.7089843750,0.0837826830,0.3401167899,,,
373.3085937500,373.8085937500,0.0829573755,0.2985001958,,,
373.4082031250,373.9082031250,0.0842055483,0.2555526648,,,
373.5078125000,374.0078125000,0.0862634773,0.1846937242,,,
373.6074218750,374.1074218750,0.0833154236,0.1451384256,,,
373.7070312500,374.2070312500,0.0765211875,0.1182433621,,,
373.8066406250,374.3066406250,0.0602841876,0.1068875111,,,
373.9062500000,374.4062500000,0.0589670112,0.1081319184,,,
374.0058593750,374.5058593750,0.0616812896,0.1445593806,,,
374.1054687500,374.6054687500,0.0699935862,0.2144725859,,,
374.2050781250,374.7050781250,0.1099971534,0.2923189426,,,
374.3046875000,374.8046875000,0.1812800100,0.3829572617,,,
374.4042968750,374.9042968750,0.2958483511,0.4292993459,,,
374.5039062500,375.0039062500,0.3843190001,0.4193032174,,,
374.6035156250,375.1035156250,0.4329878437,0.3694445670,,,
374.7031250000,375.2031250000,0.4388199875,0.3199506048,,,
374.8027343750,375.3027343750,0.4074541447,0.2690344608,,,
374.9023437500,375.4023437500,0.3300597344,0.2328133836,,,
375.0019531250,375.5019531250,0.2764094393,0.2146516665,,,
375.1015625000,375.6015625000,0.2805663762,0.1855057143,,,
375.2011718750,375.7011718750,0.3695306079,0.1672554200,,,
375.3007812500,375.8007812500,0.4594421340,0.1873762058,,,
375.4003906250,375.9003906250,0.5629286553,0.2920928120,,,
375.5000000000,376.0000000000,0.5989131617,0.4149534354,,,
375.5996093750,376.0996093750,0.5933229035,0.4896669484,,,
375.6992187500,376.1992187500,0.5323457991,0.5179777522,,,
375.7988281250,376.2988281250,0.4747000349,0.4897131964,,,
375.8984375000,376.3984375000,0.4099649675,0.4005657447,,,
375.9980468750,376.4980468750,0.3908714598,0.2860154854,,,
376.0976562500,376.5976562500,0.3697013448,0.2266814830,,,
376.1972656250,376.6972656250,0.3251777258,0.1843594185,,,
376.2968750000,376.7968750000,0.2606928802,0.1511002648,,,
376.3964843750,376.8964843750,0.2042297783,0.1188605807,,,
381.9218750000,382.4218750000,0.0852450657,0.0601535455,,,
382.0214843750,382.5214843750,0.0426625021,0.0296200062,,,
382.1210937500,382.6210937500,0.0624554669,0.0219105822,,,
382.2207031250,382.7207031250,0.1617589784,0.0378735187,,,
382.3203125000,382.8203125000,0.2978629697,0.0561938172,,,
382.4199218750,382.9199218750,0.4078469154,0.0717645121,,,
382.5195312500,383.0195312500,0.4520355911,0.0721981230,,,
382.6191406250,383.1191406250,0.4348411800,0.0719693373,,,
382.7187500000,383.2187500000,0.3545932929,0.1072290004,,,
382.8183593750,383.3183593750,0.2516812464,0.1798816274,,,
382.9179687500,383.4179687500,0.1665311481,0.2891107443,,,
383.0175781250,383.5175781250,0.1697817103,0.4048698039,,,
383.1171875000,383.6171875000,0.2233199271,0.4596183599,,,
383.2167968750,383.7167968750,0.2603245417,0.4580869673,,,
383.3164062500,383.8164062500,0.2650768774,0.4031810096,,,
383.4160156250,383.9160156250,0.2353527466,0.2971954793,,,
383.5156250000,384.0156250000,0.1813410816,0.1602692977,,,
383.6152343750,384.1152343750,0.1080497159,0.0822231847,,,
383.7148437500,384.2148437500,0.0673076698,0.0374681198,,,
383.8144531250,384.3144531250,0.0535687236,0.0161554715,,,
383.9140625000,384.4140625000,0.0767044282,0.0382636272,,,
384.0136718750,384.5136718750,0.1255016258,0.1036592909,,,
384.1132812500,384.6132812500,0.1826726755,0.1856445656,,,
384.2128906250,384.7128906250,0.2192573490,0.2291935137,,,
384.3125000000,384.8125000000,0.2307096218,0.2522402219,,,
384.4121093750,384.9121093750,0.2152016939,0.2405336628,,,
384.5117187500,385.0117187500,0.1774408293,0.1940969502,,,
384.6113281250,385.1113281250,0.1248854036,0.1230535133,,,
384.7109375000,385.2109375000,0.0921488428,0.0876298608,,,
384.8105468750,385.3105468750,0.1106101814,0.0735711570,,,
384.9101562500,385.4101562500,0.1488629789,0.0875716487,,,
385.0097656250,385.5097656250,0.2188424598,0.1338994505,,,
385.1093750000,385.6093750000,0.2719003763,0.1821333580,,,
385.2089843750,385.7089843750,0.3248242773,0.2071867267,,,
385.3085937500,385.8085937500,0.3410023747,0.2168206825,,,
385.4082031250,385.9082031250,0.3592694302,0.2035961045,,,
385.5078125000,386.0078125000,0.3560160156,0.1844854283,,,
385.6074218750,386.1074218750,0.3559295012,0.1687864602,,,
385.7070312500,386.2070312500,0.3514476234,0.1808803484,,,
385.8066406250,386.3066406250,0.3392790043,0.1975860034,,,
385.9062500000,386.4062500000,0.2948860307,0.2040212788,,,
386.0058593750,386.5058593750,0.2267293788,0.1835245443,,,
386.1054687500,386.6054687500,0.1731703023,0.1367337822,,,
386.2050781250,386.7050781250,0.1214374811,0.0875134650,,,
386.3046875000,386.8046875000,0.0845200701,0.0497339458,,,
386.4042968750,386.9042968750,0.0851657687,0.0456880824,,,
386.5039062500,387.0039062500,0.1053299584,0.0563232431,,,
386.6035156250,387.1035156250,0.1528881939,0.0760292417,,,
386.7031250000,387.2031250000,0.1961227491,0.0930064851,,,
386.8027343750,387.3027343750,0.2729083434,0.0964581847,,,
386.9023437500,387.4023437500,0.3335754061,0.0875041608,,,
387.0019531250,387.5019531250,0.4116503562,0.0690667266,,,
387.1015625000,387.6015625000,0.4733277276,0.0492046610,,,
387.2011718750,387.7011718750,0.5220702287,0.0383514088,,,
387.3007812500,387.8007812500,0.5538288976,0.0900202627,,,
387.4003906250,387.9003906250,0.5453757170,0.1840183918,,,
387.5000000000,388.0000000000,0.4994521137,0.3121645298,,,
387.5996093750,388.0996093750,0.4110990652,0.3979352566,,,
387.6992187500,388.1992187500,0.3139851197,0.4175417137,,,
387.7988281250,388.2988281250,0.1909968293,0.3807956355,,,
387.8984375000,388.3984375000,0.1205112515,0.3027842815,,,
387.9980468750,388.4980468750,0.0900159527,0.1916291644,,,
388.0976562500,388.5976562500,0.0992938809,0.0964658492,,,
388.1972656250,388.6972656250,0.1204809267,0.0785551639,,,
388.2968750000,388.7968750000,0.1498480959,0.0871882257,,,
388.3964843750,388.8964843750,0.1638764472,0.0902148715,,,
