Time:6,End Time,Feature 1,Feature 2,Feature 3,Feature 4,Feature 5,Feature 6,Event Id,Event Date,Event Duration
45.9218750000,46.4218750000,0.2885802187,0.0151545479,0.0518040175,0.0298846241,0.0403328567,0.0513630685,,,
46.0214843750,46.5214843750,0.3765478894,0.0156390638,0.0691720236,0.0238867306,0.0477569342,0.0464596830,,,
46.1210937500,46.6210937500,0.4232941049,0.0156216770,0.0830927638,0.0241235411,0.0500084546,0.0367030943,,,
46.2207031250,46.7207031250,0.4120468745,0.0147496479,0.0879739656,0.0282353403,0.0481225728,0.0268385561,,,
46.3203125000,46.8203125000,0.3502068791,0.0147752370,0.0881873115,0.0366344613,0.0433474042,0.0190501587,,,
46.4199218750,46.9199218750,0.2696987107,0.0164698222,0.0871411715,0.0538330308,0.0391476376,0.0136355971,,,
46.5195312500,47.0195312500,0.2016094052,0.0186330904,0.0805046247,0.0843983093,0.0391139683,0.0110332918,,,
46.6191406250,47.1191406250,0.1767362735,0.0205816161,0.0668807542,0.1332070656,0.0424113735,0.0113519410,,,
46.7187500000,47.2187500000,0.2088772597,0.0222209191,0.0550837039,0.1855857701,0.0446719246,0.0122366852,,,
46.8183593750,47.3183593750,0.2654744530,0.0234035231,0.0534223407,0.2207048474,0.0434599157,0.0115900413,,,
46.9179687500,47.4179687500,0.2962545732,0.0237872044,0.0613501186,0.2325812885,0.0384944534,0.0114076890,,,
47.0175781250,47.5175781250,0.2918417672,0.0236581661,0.0772897495,0.2256791880,0.0312369747,0.0152128384,,,
47.1171875000,47.6171875000,0.2677252727,0.0244787048,0.0992402356,0.2005570244,0.0244267735,0.0237675946,,,
47.2167968750,47.7167968750,0.2349097626,0.0277474170,0.1181168191,0.1671198557,0.0195936261,0.0347151140,,,
47.3164062500,47.8164062500,0.2081382007,0.0321463918,0.1283647405,0.1443585608,0.0159371539,0.0454461034,,,
47.4160156250,47.9160156250,0.2089959496,0.0352439867,0.1373013156,0.1371192727,0.0135240141,0.0523200799,,,
47.5156250000,48.0156250000,0.2368429317,0.0361010540,0.1662954745,0.1377825895,0.0136884257,0.0514161279,,,
47.6152343750,48.1152343750,0.2640087890,0.0355932494,0.2241773953,0.1375833446,0.0168086133,0.0415188139,,,
47.7148437500,48.2148437500,0.2665235544,0.0363693411,0.3001170720,0.1286348231,0.0239258554,0.0273613157,,,
47.8144531250,48.3144531250,0.2394710506,0.0415839117,0.3691876586,0.1118431043,0.0352613266,0.0151507030,,,
47.9140625000,48.4140625000,0.1895277227,0.0515305568,0.4076075516,0.0975586930,0.0469487540,0.0076581842,,,
48.0136718750,48.5136718750,0.1209472212,0.0625792470,0.4010993042,0.0970501038,0.0545939513,0.0039957099,,,
48.1132812500,48.6132812500,0.0526161456,0.0686602308,0.3501966020,0.1154384509,0.0564137251,0.0026218155,,,
48.2128906250,48.7128906250,0.0156829869,0.0660482080,0.2677660855,0.1474845913,0.0531216952,0.0022286639,,,
48.3125000000,48.8125000000,0.0239513348,0.0559275503,0.1793188287,0.1743551394,0.0470433419,0.0022416593,,,
48.4121093750,48.9121093750,0.0554490704,0.0422844472,0.1142607334,0.1819660255,0.0419834427,0.0024956519,,,
48.5117187500,49.0117187500,0.0821721040,0.0287801991,0.0802929861,0.1632264265,0.0393020196,0.0023712917,,,
48.6113281250,49.1113281250,0.0946341956,0.0185665018,0.0645134039,0.1241265657,0.0387136334,0.0021017202,,,
48.7109375000,49.2109375000,0.1027878542,0.0130880860,0.0559904246,0.0822923606,0.0384059617,0.0035686905,,,
48.8105468750,49.3105468750,0.1193331754,0.0110421006,0.0484089084,0.0596454458,0.0358539615,0.0089590082,,,
48.9101562500,49.4101562500,0.1574714835,0.0105888470,0.0398308141,0.0632720233,0.0299953812,0.0196927847,,,
49.0097656250,49.5097656250,0.2238844065,0.0105738505,0.0363974590,0.0820703187,0.0241576739,0.0339448354,,,
49.1093750000,49.6093750000,0.3004038449,0.0099739718,0.0476544948,0.1047991713,0.0225272119,0.0454333687,,,
49.2089843750,49.7089843750,0.3565307388,0.0086575230,0.0669035827,0.1396456914,0.0273345274,0.0485484646,,,
49.3085937500,49.8085937500,0.3723106914,0.0067919278,0.0775579465,0.1982732298,0.0388319275,0.0442928085,,,
49.4082031250,49.9082031250,0.3418947043,0.0042409339,0.0752899318,0.2718681378,0.0541698378,0.0363394755,,,
49.5078125000,50.0078125000,0.2724369375,0.0018222587,0.0659057019,0.3324873088,0.0683485780,0.0275611312,,,
49.6074218750,50.1074218750,0.1875335994,0.0010486341,0.0527512733,0.3560052250,0.0756008660,0.0220986831,,,
49.7070312500,50.2070312500,0.1174757043,0.0021093331,0.0426522079,0.3341075638,0.0730502453,0.0225672112,,,
49.8066406250,50.3066406250,0.0880058370,0.0045401479,0.0478143269,0.2729275783,0.0626099714,0.0253450557,,,
49.9062500000,50.4062500000,0.1133036290,0.0077981737,0.0643411631,0.1871097397,0.0491822131,0.0264391295,,,
50.0058593750,50.5058593750,0.1830787076,0.0107497230,0.0780526755,0.1044403521,0.0352475440,0.0258773291,,,
50.1054687500,50.6054687500,0.2513391900,0.0120923376,0.0805240739,0.0556169695,0.0230137088,0.0235795916,,,
50.2050781250,50.7050781250,0.2837737294,0.0114258727,0.0718038343,0.0418770730,0.0153109260,0.0196202391,,,
50.3046875000,50.8046875000,0.2766326785,0.0089864117,0.0550035920,0.0366675661,0.0127178450,0.0158521166,,,
50.4042968750,50.9042968750,0.2486427303,0.0058317266,0.0394246889,0.0319991427,0.0120383700,0.0129060404,,,
50.5039062500,51.0039062500,0.2094740340,0.0036323569,0.0341981788,0.0472945642,0.0116210061,0.0101728165,,,
50.6035156250,51.1035156250,0.1692448218,0.0028543623,0.0379400537,0.0912049100,0.0112675957,0.0083961230,,,
50.7031250000,51.2031250000,0.1400150526,0.0025382611,0.0418007429,0.1547476000,0.0108461946,0.0084421465,,,
50.8027343750,51.3027343750,0.1281037288,0.0024920059,0.0435796902,0.2214031227,0.0108922418,0.0096182534,,,
50.9023437500,51.4023437500,0.1253861040,0.0027009683,0.0457851201,0.2628661156,0.0127972190,0.0104148653,,,
51.0019531250,51.5019531250,0.1240129972,0.0027280256,0.0450493417,0.2617899356,0.0171492893,0.0107390361,,,
51.1015625000,51.6015625000,0.1301255375,0.0027213007,0.0429718613,0.2230237907,0.0237610973,0.0116501623,,,
51.2011718750,51.7011718750,0.1482566274,0.0028625594,0.0482418459,0.1619082425,0.0316199084,0.0128032092,,,
51.3007812500,51.8007812500,0.1752197998,0.0028395044,0.0581543209,0.0953093533,0.0398921951,0.0124764551,,,
51.4003906250,51.9003906250,0.1839772706,0.0034898030,0.0607461860,0.0566185683,0.0492771342,0.0107763894,,,
51.5000000000,52.0000000000,0.1642946142,0.0063845983,0.0550766132,0.0742926388,0.0590023679,0.0108905269,,,
51.5996093750,52.0996093750,0.1327804944,0.0126011865,0.0473439844,0.1461790723,0.0656237940,0.0160388109,,,
51.6992187500,52.1992187500,0.1110372278,0.0219630327,0.0405999986,0.2418952655,0.0659889455,0.0258477559,,,
51.7988281250,52.2988281250,0.1024567338,0.0330621228,0.0356277219,0.3289240182,0.0595625063,0.0371891861,,,
51.8984375000,52.3984375000,0.1135963860,0.0441815393,0.0356994688,0.3827833587,0.0496810174,0.0469408819,,,
51.9980468750,52.4980468750,0.1553423372,0.0518532871,0.0436451532,0.3931854846,0.0417684884,0.0514453570,,,
52.0976562500,52.5976562500,0.2170153417,0.0526923463,0.0546665668,0.3559027561,0.0391473383,0.0482299496,,,
52.1972656250,52.6972656250,0.2649471139,0.0466384917,0.0597384658,0.2804574806,0.0409729543,0.0391123228,,,
52.2968750000,52.7968750000,0.2850422803,0.0363601006,0.0568792445,0.1944527069,0.0449681353,0.0287298180,,,
52.3964843750,52.8964843750,0.2963115222,0.0248172976,0.0510326871,0.1275042608,0.0476654749,0.0194871964,,,
69.9218750000,70.4218750000,0.1445124930,0.0221996819,0.0916712923,0.3518906861,0.0108181412,0.0028676971,,,
70.0214843750,70.5214843750,0.1076191599,0.0286855928,0.0846715349,0.3917735843,0.0162425363,0.0026580962,,,
70.1210937500,70.6210937500,0.0828281566,0.0345735894,0.0822632849,0.3778922346,0.0225162413,0.0023100748,,,
70.2207031250,70.7207031250,0.0721119009,0.0367107798,0.0851498948,0.3194345645,0.0261556499,0.0022124055,,,
70.3203125000,70.8203125000,0.0657815986,0.0339522603,0.0878670744,0.2570907519,0.0267322116,0.0033852864,,,
70.4199218750,70.9199218750,0.0642086237,0.0283285794,0.0934488946,0.2072326754,0.0250094044,0.0075526790,,,
70.5195312500,71.0195312500,0.0716906137,0.0247778501,0.1046743500,0.1745836018,0.0232154324,0.0151722505,,,
70.6191406250,71.1191406250,0.0822756063,0.0247711510,0.1134344970,0.1734283187,0.0260502254,0.0248773944,,,
70.7187500000,71.2187500000,0.0967663406,0.0248413342,0.1183146938,0.1853939942,0.0361354610,0.0350774371,,,
70.8183593750,71.3183593750,0.1246860757,0.0242463560,0.1224722886,0.1742211432,0.0511870443,0.0439338482,,,
70.9179687500,71.4179687500,0.1596859061,0.0243556864,0.1192435448,0.1330905632,0.0661050897,0.0479445489,,,
71.0175781250,71.5175781250,0.1770040705,0.0246485942,0.1015860083,0.0862745995,0.0741317673,0.0450255501,,,
71.1171875000,71.6171875000,0.1608589061,0.0265064761,0.0788295986,0.0530210364,0.0712362254,0.0368280563,,,
71.2167968750,71.7167968750,0.1278667619,0.0334509661,0.0648230411,0.0421455344,0.0600617357,0.0269112573,,,
71.3164062500,71.8164062500,0.1112927691,0.0450402033,0.0655352681,0.0513216491,0.0450595127,0.0184395091,,,
71.4160156250,71.9160156250,0.1249253296,0.0563581667,0.0726818545,0.0788983862,0.0297081048,0.0136662907,,,
71.5156250000,72.0156250000,0.1577417684,0.0636417541,0.0749488507,0.1205045185,0.0181422109,0.0124867194,,,
71.6152343750,72.1152343750,0.1936824975,0.0644817768,0.0684730426,0.1702396651,0.0135699865,0.0137193031,,,
71.7148437500,72.2148437500,0.2119428338,0.0583412039,0.0555614948,0.2146024907,0.0137523994,0.0161256992,,,
71.8144531250,72.3144531250,0.1934359275,0.0472310317,0.0418131106,0.2453701978,0.0140237160,0.0173187758,,,
71.9140625000,72.4140625000,0.1465820893,0.0353487261,0.0337231618,0.2577955447,0.0126360082,0.0156395293,,,
72.0136718750,72.5136718750,0.1070703563,0.0262645171,0.0317764029,0.2505394619,0.0102891739,0.0125609132,,,
72.1132812500,72.6132812500,0.1086681902,0.0215292840,0.0319895387,0.2190364363,0.0089838935,0.0098937095,,,
72.2128906250,72.7128906250,0.1403982962,0.0205984429,0.0326160230,0.1725956312,0.0110974306,0.0071222723,,,
72.3125000000,72.8125000000,0.1684502384,0.0211383403,0.0340774218,0.1243863773,0.0164473539,0.0043842343,,,
72.4121093750,72.9121093750,0.1760495210,0.0222832562,0.0420562161,0.0842502640,0.0224353313,0.0033439114,,,
72.5117187500,73.0117187500,0.1640473879,0.0254038477,0.0646065452,0.0551815272,0.0274401223,0.0041669557,,,
72.6113281250,73.1113281250,0.1282008403,0.0317483620,0.0976084984,0.0471975771,0.0294127799,0.0049091659,,,
72.7109375000,73.2109375000,0.0775429956,0.0405204111,0.1310227732,0.0653917881,0.0265480837,0.0048390703,,,
72.8105468750,73.3105468750,0.0485825450,0.0485090684,0.1585004928,0.1085876408,0.0208041500,0.0043755592,,,
72.9101562500,73.4101562500,0.0552294563,0.0517249623,0.1752723921,0.1538705301,0.0148322332,0.0035460633,,,
73.0097656250,73.5097656250,0.0725205201,0.0483108839,0.1768612824,0.1760602477,0.0093893945,0.0023042256,,,
73.1093750000,73.6093750000,0.0889281024,0.0391814098,0.1625655912,0.1715756411,0.0053338105,0.0012029263,,,
73.2089843750,73.7089843750,0.1153697428,0.0269443065,0.1365631137,0.1536189750,0.0041149659,0.0007750929,,,
73.3085937500,73.8085937500,0.1514884453,0.0154378904,0.1095311379,0.1422418401,0.0054394269,0.0021125373,,,
73.4082031250,73.9082031250,0.1977057271,0.0079691648,0.0826001700,0.1582275349,0.0075022051,0.0054055722,,,
73.5078125000,74.0078125000,0.2449556818,0.0049356881,0.0524496100,0.2086316913,0.0088560386,0.0092323584,,,
73.6074218750,74.1074218750,0.2743167201,0.0047205276,0.0312385954,0.2721683940,0.0093798982,0.0122598158,,,
73.7070312500,74.2070312500,0.2694229337,0.0063075244,0.0305145493,0.3201492695,0.0095865198,0.0136947899,,,
73.8066406250,74.3066406250,0.2332465072,0.0102014266,0.0393788453,0.3270739560,0.0093168617,0.0128160291,,,
73.9062500000,74.4062500000,0.1900848279,0.0152542727,0.0506769590,0.2974964196,0.0086849623,0.0098683354,,,
74.0058593750,74.5058593750,0.1696898563,0.0185379857,0.0654264390,0.2544591499,0.0080624027,0.0065422409,,,
74.1054687500,74.6054687500,0.1755941646,0.0191933556,0.0779398229,0.2159726216,0.0080981021,0.0044230582,,,
74.2050781250,74.7050781250,0.1939903711,0.0175794215,0.0849131747,0.1848566859,0.0081575111,0.0041233117,,,
74.3046875000,74.8046875000,0.2049361008,0.0146289200,0.0877011169,0.1678318662,0.0081158290,0.0048235118,,,
74.4042968750,74.9042968750,0.1912090549,0.0143466896,0.0835253930,0.1595587789,0.0096405494,0.0055325491,,,
74.5039062500,75.0039062500,0.1443528958,0.0214792080,0.0766877217,0.1505123182,0.0124932476,0.0060239104,,,
74.6035156250,75.1035156250,0.0776241644,0.0347112826,0.0782522131,0.1473109494,0.0139731957,0.0060778041,,,
74.7031250000,75.2031250000,0.0278500154,0.0468023836,0.0919680769,0.1550893624,0.0135490364,0.0054346952,,,
74.8027343750,75.3027343750,0.0171704184,0.0527257549,0.1107322831,0.1536425752,0.0120096716,0.0048300108,,,
74.9023437500,75.4023437500,0.0245429237,0.0512819017,0.1256140738,0.1333171633,0.0091844607,0.0051415370,,,
75.0019531250,75.5019531250,0.0284399393,0.0432707148,0.1333326927,0.1195484703,0.0066990356,0.0059463849,,,
75.1015625000,75.6015625000,0.0298465295,0.0316722705,0.1337830428,0.1335247207,0.0093603476,0.0062312138,,,
75.2011718750,75.7011718750,0.0309104541,0.0217579576,0.1251399473,0.1715904578,0.0201140716,0.0059418837,,,
75.3007812500,75.8007812500,0.0328818210,0.0156594583,0.1132012490,0.2208686053,0.0361740532,0.0058104730,,,
75.4003906250,75.9003906250,0.0353943371,0.0118477459,0.1113601511,0.2608920455,0.0512126292,0.0060663216,,,
75.5000000000,76.0000000000,0.0356211957,0.0086026363,0.1264017406,0.2656069343,0.0595388115,0.0068067681,,,
75.5996093750,76.0996093750,0.0375153609,0.0059766741,0.1546276045,0.2267336618,0.0585864517,0.0084906960,,,
75.6992187500,76.1992187500,0.0472080181,0.0056847341,0.1909434116,0.1622883367,0.0488637839,0.0113140222,,,
75.7988281250,76.2988281250,0.0633156578,0.0082026098,0.2318986383,0.1080059558,0.0341076857,0.0142155287,,,
75.8984375000,76.3984375000,0.0826619186,0.0114374808,0.2654764369,0.1090112364,0.0204344728,0.0159958803,,,
75.9980468750,76.4980468750,0.1153989450,0.0139108222,0.2760753887,0.1818118737,0.0132154371,0.0171111614,,,
76.0976562500,76.5976562500,0.1611039545,0.0151058999,0.2559673808,0.2849579930,0.0123660200,0.0183244721,,,
76.1972656250,76.6972656250,0.2033562195,0.0142563504,0.2116643251,0.3638266892,0.0145201062,0.0188009577,,,
76.2968750000,76.7968750000,0.2320103508,0.0115600603,0.1568776200,0.3933270800,0.0164952105,0.0184062895,,,
76.3964843750,76.8964843750,0.2426592480,0.0085405312,0.1147838614,0.3706278591,0.0166374992,0.0181689419,,,
105.9218750000,106.4218750000,0.1063396830,0.0384753478,0.0706132296,0.1983829769,0.0080870444,0.0251933179,,,
106.0214843750,106.5214843750,0.1157803082,0.0356220255,0.0727738579,0.1685193405,0.0117412040,0.0175011286,,,
106.1210937500,106.6210937500,0.1349071441,0.0320636772,0.0657304937,0.1269400367,0.0148447739,0.0093306690,,,
106.2207031250,106.7207031250,0.1694927401,0.0261988043,0.0537662621,0.0861454824,0.0148498486,0.0038820536,,,
106.3203125000,106.8203125000,0.2208572347,0.0190940336,0.0423000157,0.0562129198,0.0148921882,0.0016269518,,,
106.4199218750,106.9199218750,0.2814816687,0.0145851000,0.0378588338,0.0385828601,0.0200254274,0.0012059212,,,
106.5195312500,107.0195312500,0.3322955441,0.0148467905,0.0392357006,0.0343667277,0.0279126210,0.0013329654,,,
106.6191406250,107.1191406250,0.3485933594,0.0174380853,0.0409310720,0.0405677416,0.0320649636,0.0015574027,,,
106.7187500000,107.2187500000,0.3191794176,0.0181636120,0.0407686460,0.0506872799,0.0326716380,0.0014918853,,,
106.8183593750,107.3183593750,0.2660085720,0.0168110495,0.0365055715,0.0677912207,0.0329323662,0.0014472872,,,
106.9179687500,107.4179687500,0.2100152057,0.0168444488,0.0319714053,0.1088388872,0.0309058083,0.0021748600,,,
107.0175781250,107.5175781250,0.1564633487,0.0198693615,0.0340720606,0.1775277136,0.0260821054,0.0038329528,,,
107.1171875000,107.6171875000,0.1139109624,0.0240240289,0.0404495246,0.2503887508,0.0238376773,0.0062332899,,,
107.2167968750,107.7167968750,0.1018161082,0.0270184202,0.0433292575,0.2911446784,0.0252141088,0.0092469250,,,
107.3164062500,107.8164062500,0.1315888733,0.0268860392,0.0433589670,0.2839330860,0.0236382464,0.0121927536,,,
107.4160156250,107.9160156250,0.2145393218,0.0225404561,0.0409237499,0.2466782958,0.0184995956,0.0145937694,,,
107.5156250000,108.0156250000,0.3512383579,0.0156730555,0.0321387511,0.2149532647,0.0171590648,0.0159215378,,,
107.6152343750,108.1152343750,0.4921813751,0.0094165815,0.0192522431,0.1969943954,0.0236104855,0.0145875314,,,
107.7148437500,108.2148437500,0.5704714482,0.0050532457,0.0123770828,0.1902398964,0.0347345875,0.0115482170,,,
107.8144531250,108.3144531250,0.5657959822,0.0035537599,0.0143847424,0.1987595632,0.0455422938,0.0092707129,,,
107.9140625000,108.4140625000,0.4893084287,0.0047700506,0.0205695947,0.2039083750,0.0522022333,0.0083394627,,,
108.0136718750,108.5136718750,0.3602449641,0.0072402596,0.0282361753,0.1724744249,0.0519240028,0.0083704935,,,
108.1132812500,108.6132812500,0.2194136031,0.0112077744,0.0375531442,0.1088700400,0.0441621070,0.0107931307,,,
108.2128906250,108.7128906250,0.1399436263,0.0183327555,0.0443663036,0.0568318897,0.0320497288,0.0149807745,,,
108.3125000000,108.8125000000,0.1460581503,0.0265561700,0.0429114597,0.0410184114,0.0209318671,0.0186342407,,,
108.4121093750,108.9121093750,0.1941742127,0.0330368859,0.0342511417,0.0493348243,0.0137733601,0.0209893819,,,
108.5117187500,109.0117187500,0.2330776033,0.0362843164,0.0246302328,0.0647777261,0.0100756442,0.0231043130,,,
108.6113281250,109.1113281250,0.2417485414,0.0346211628,0.0183691534,0.0829051626,0.0089084534,0.0250240989,,,
108.7109375000,109.2109375000,0.2253398213,0.0284135182,0.0150821149,0.0959180360,0.0092038608,0.0263854950,,,
108.8105468750,109.3105468750,0.1920344361,0.0208889841,0.0134846051,0.0986429105,0.0095098781,0.0276576166,,,
108.9101562500,109.4101562500,0.1464589708,0.0131228850,0.0145350950,0.0946617173,0.0089349190,0.0300595826,,,
109.0097656250,109.5097656250,0.0968551761,0.0073738585,0.0249643490,0.0895611428,0.0077071432,0.0328883281,,,
109.1093750000,109.6093750000,0.0617842485,0.0075566581,0.0523678826,0.0832975498,0.0066479109,0.0346398683,,,
109.2089843750,109.7089843750,0.0613043633,0.0117306209,0.0945206228,0.0811379167,0.0076104966,0.0345222727,,,
109.3085937500,109.8085937500,0.1005128318,0.0147389457,0.1408061258,0.0780285710,0.0120880438,0.0332823912,,,
109.4082031250,109.9082031250,0.1597452644,0.0157840589,0.1751079897,0.0659447032,0.0179496117,0.0303235114,,,
109.5078125000,110.0078125000,0.2161453318,0.0152249556,0.1849091029,0.0542969870,0.0213326187,0.0253901379,,,
109.6074218750,110.1074218750,0.2600928300,0.0126641643,0.1645781727,0.0626982835,0.0214317065,0.0197711440,,,
109.7070312500,110.2070312500,0.2861429980,0.0088467919,0.1218348974,0.0905595993,0.0197946360,0.0147373995,,,
109.8066406250,110.3066406250,0.2842776278,0.0053328444,0.0743335800,0.1275941613,0.0181603274,0.0102884480,,,
109.9062500000,110.4062500000,0.2507652057,0.0038818593,0.0384452150,0.1591333609,0.0188407901,0.0075896219,,,
110.0058593750,110.5058593750,0.2028418128,0.0060175755,0.0185046023,0.1680238989,0.0222775304,0.0073480549,,,
110.1054687500,110.6054687500,0.1562935268,0.0108371219,0.0113723629,0.1488202953,0.0255153621,0.0092130923,,,
110.2050781250,110.7050781250,0.1063718006,0.0168992796,0.0108881217,0.1081481083,0.0264698475,0.0127454341,,,
110.3046875000,110.8046875000,0.0578581870,0.0242275425,0.0109819778,0.0658993869,0.0240065011,0.0180353892,,,
110.4042968750,110.9042968750,0.0279112519,0.0320836279,0.0121999699,0.0496703662,0.0186416732,0.0261214209,,,
110.5039062500,111.0039062500,0.0173066543,0.0396065628,0.0190171704,0.0684164026,0.0134332941,0.0367350472,,,
110.6035156250,111.1035156250,0.0143893710,0.0471951319,0.0312817857,0.1076559310,0.0115111702,0.0465312490,,,
110.7031250000,111.2031250000,0.0252744073,0.0546237783,0.0423309465,0.1550126885,0.0129051085,0.0522810783,,,
110.8027343750,111.3027343750,0.0548258055,0.0592071038,0.0472260353,0.1980958266,0.0180480603,0.0523533925,,,
110.9023437500,111.4023437500,0.0976155130,0.0590454934,0.0461915203,0.2313195286,0.0265020126,0.0452667709,,,
111.0019531250,111.5019531250,0.1434695759,0.0524893134,0.0430901245,0.2609604167,0.0331282130,0.0328319666,,,
111.1015625000,111.6015625000,0.1827729212,0.0399043369,0.0446755272,0.2855577302,0.0349343432,0.0204217825,,,
111.2011718750,111.7011718750,0.1975391116,0.0258159564,0.0526152242,0.2937116866,0.0327184739,0.0126458719,,,
111.3007812500,111.8007812500,0.1787567738,0.0178743388,0.0578932276,0.2852788322,0.0267500728,0.0103386545,,,
111.4003906250,111.9003906250,0.1380433958,0.0202344697,0.0585463153,0.2682870422,0.0169774506,0.0114829432,,,
111.5000000000,112.0000000000,0.1053868665,0.0313268044,0.0734743086,0.2435862695,0.0084294230,0.0131211298,,,
111.5996093750,112.0996093750,0.1160227543,0.0460432195,0.1111170012,0.2127072958,0.0049353143,0.0135875275,,,
111.6992187500,112.1992187500,0.1755894316,0.0585889941,0.1520913687,0.1807083033,0.0056556730,0.0128117560,,,
111.7988281250,112.2988281250,0.2555885398,0.0634250433,0.1746426813,0.1482682286,0.0080371784,0.0112982940,,,
111.8984375000,112.3984375000,0.3222470593,0.0581862073,0.1759606502,0.1119705883,0.0103232223,0.0091712226,,,
111.9980468750,112.4980468750,0.3529243043,0.0459742429,0.1644531578,0.0815171055,0.0125829163,0.0071500808,,,
112.0976562500,112.5976562500,0.3416458686,0.0324507992,0.1546663146,0.0736535226,0.0155444990,0.0061616299,,,
112.1972656250,112.6972656250,0.2978198854,0.0220228210,0.1636290892,0.0988164533,0.0179109609,0.0064413976,,,
112.2968750000,112.7968750000,0.2439596964,0.0173108846,0.2022307989,0.1550919047,0.0176381632,0.0082307889,,,
112.3964843750,112.8964843750,0.2014281656,0.0193124601,0.2523259904,0.2410495958,0.0158127144,0.0108219029,,,
189.9218750000,190.4218750000,1.2275274316,0.0186044585,0.3067723118,0.1738445730,0.0115019920,0.0083747015,,,
190.0214843750,190.5214843750,1.1546695726,0.0122692753,0.3173950547,0.1371893820,0.0084134583,0.0074570996,,,
190.1210937500,190.6210937500,0.9782251303,0.0091801885,0.2782565570,0.0874701370,0.0100227883,0.0071222940,,,
190.2207031250,190.7207031250,0.7202227882,0.0112455763,0.2045766695,0.0435955729,0.0165937467,0.0075222614,,,
190.3203125000,190.8203125000,0.4430181402,0.0197124117,0.1257014222,0.0374454363,0.0263906983,0.0077798936,,,
190.4199218750,190.9199218750,0.2571261026,0.0341522892,0.0657761826,0.0720280962,0.0385077382,0.0069748799,,,
190.5195312500,191.0195312500,0.2054302115,0.0522006739,0.0356189614,0.1327939697,0.0494832155,0.0055200158,,,
190.6191406250,191.1191406250,0.2167337898,0.0684908800,0.0326634200,0.2056107557,0.0535300864,0.0049823448,,,
190.7187500000,191.2187500000,0.2185682633,0.0753804274,0.0472209232,0.2806528060,0.0493726061,0.0064800084,,,
190.8183593750,191.3183593750,0.1891386453,0.0707124510,0.0696618794,0.3495348926,0.0404605580,0.0103801022,,,
190.9179687500,191.4179687500,0.1375154225,0.0576864937,0.0970750689,0.3916663247,0.0303943463,0.0156113926,,,
191.0175781250,191.5175781250,0.0817407914,0.0393517516,0.1258066847,0.3876115172,0.0214701841,0.0209485171,,,
191.1171875000,191.6171875000,0.0404970326,0.0205877629,0.1421655443,0.3398576673,0.0160331107,0.0268775139,,,
191.2167968750,191.7167968750,0.0257441210,0.0088478231,0.1382408567,0.2681567070,0.0146669496,0.0342680320,,,
191.3164062500,191.8164062500,0.0280179546,0.0062371873,0.1177691265,0.1862523937,0.0145415368,0.0414293558,,,
191.4160156250,191.9160156250,0.0328715201,0.0094169506,0.0902747080,0.1161367412,0.0139708956,0.0476573034,,,
191.5156250000,192.0156250000,0.0561736970,0.0166351975,0.0666562100,0.0876178204,0.0147322103,0.0535403331,,,
191.6152343750,192.1152343750,0.1230659254,0.0277354618,0.0551211303,0.1079517303,0.0192658750,0.0571307348,,,
191.7148437500,192.2148437500,0.2190195762,0.0392342596,0.0506915299,0.1467355273,0.0282881056,0.0564057878,,,
191.8144531250,192.3144531250,0.3031381663,0.0455293313,0.0439391019,0.1733327106,0.0392421817,0.0533731024,,,
191.9140625000,192.4140625000,0.3510060795,0.0441574342,0.0332722389,0.1812580333,0.0469982066,0.0502050905,,,
192.0136718750,192.5136718750,0.3480713296,0.0369208691,0.0217448070,0.1676842724,0.0484189593,0.0461311499,,,
192.1132812500,192.6132812500,0.3030484431,0.0277540212,0.0124237668,0.1360595738,0.0429550179,0.0406060848,,,
192.2128906250,192.7128906250,0.2427417261,0.0233649991,0.0078862790,0.1061595764,0.0318636968,0.0334467622,,,
192.3125000000,192.8125000000,0.1937184353,0.0283287485,0.0102207157,0.1074872874,0.0192378187,0.0251696050,,,
192.4121093750,192.9121093750,0.1678134944,0.0389007004,0.0168690594,0.1379587259,0.0102426313,0.0172632222,,,
192.5117187500,193.0117187500,0.1692929554,0.0467617846,0.0228659545,0.1812445286,0.0070426351,0.0109536144,,,
192.6113281250,193.1113281250,0.1691239528,0.0471333744,0.0266294895,0.2301894576,0.0083014005,0.0064591376,,,
192.7109375000,193.2109375000,0.1402932257,0.0428007042,0.0306666530,0.2598781712,0.0111821985,0.0042099974,,,
192.8105468750,193.3105468750,0.0926692891,0.0444474949,0.0360211658,0.2488376840,0.0126754103,0.0038909020,,,
192.9101562500,193.4101562500,0.0537223351,0.0626636404,0.0417284183,0.2066971455,0.0121686958,0.0037876273,,,
193.0097656250,193.5097656250,0.0370714138,0.0949286098,0.0440729385,0.1680637269,0.0115931502,0.0030069303,,,
193.1093750000,193.6093750000,0.0449736964,0.1277483591,0.0429220397,0.1462637760,0.0134871816,0.0022152604,,,
193.2089843750,193.7089843750,0.0656084017,0.1485363884,0.0392919601,0.1502354789,0.0180480017,0.0027433645,,,
193.3085937500,193.8085937500,0.0828358099,0.1482177193,0.0315674652,0.1699662766,0.0241676416,0.0054550981,,,
193.4082031250,193.9082031250,0.0931687407,0.1231073044,0.0204559579,0.1791542809,0.0308161717,0.0094927898,,,
193.5078125000,194.0078125000,0.0954276243,0.0838192647,0.0132296568,0.1645750166,0.0363631305,0.0118706437,,,
193.6074218750,194.1074218750,0.0806072225,0.0499660325,0.0110649103,0.1333351513,0.0394042899,0.0118073663,,,
193.7070312500,194.2070312500,0.0523759980,0.0311581815,0.0099443694,0.0882477232,0.0396785484,0.0128829661,,,
193.8066406250,194.3066406250,0.0297907152,0.0251401678,0.0090976583,0.0539769303,0.0383187670,0.0193273073,,,
193.9062500000,194.4062500000,0.0236458527,0.0259773455,0.0105797669,0.0711310653,0.0350086753,0.0321967907,,,
194.0058593750,194.5058593750,0.0312918774,0.0271608745,0.0181806260,0.1352685354,0.0289485238,0.0484658062,,,
194.1054687500,194.6054687500,0.0516113921,0.0240839958,0.0339886172,0.2044886758,0.0212108958,0.0624046359,,,
194.2050781250,194.7050781250,0.0904076923,0.0172000274,0.0517939226,0.2584549085,0.0160673953,0.0677602437,,,
194.3046875000,194.8046875000,0.1541516931,0.0092704405,0.0649011049,0.2866897756,0.0163598722,0.0615302525,,,
194.4042968750,194.9042968750,0.2439059409,0.0042984157,0.0709637815,0.2769628632,0.0212612334,0.0463233033,,,
194.5039062500,195.0039062500,0.3394872356,0.0054173941,0.0688414877,0.2273508376,0.0277547370,0.0292227537,,,
194.6035156250,195.1035156250,0.4089977003,0.0122594059,0.0570065053,0.1579557019,0.0332733690,0.0165286981,,,
194.7031250000,195.2031250000,0.4273925360,0.0195045940,0.0414208173,0.1001136502,0.0348587549,0.0100260598,,,
194.8027343750,195.3027343750,0.3932639163,0.0232762209,0.0310655951,0.0728884708,0.0310062934,0.0077055949,,,
194.9023437500,195.4023437500,0.3152864030,0.0249493966,0.0292404540,0.0678175408,0.0234571709,0.0076166303,,,
195.0019531250,195.5019531250,0.2092687318,0.0265167642,0.0393221175,0.0700825728,0.0160366760,0.0092348901,,,
195.1015625000,195.6015625000,0.1035641483,0.0285274943,0.0669467353,0.0697400627,0.0122008513,0.0128919291,,,
195.2011718750,195.7011718750,0.0374704394,0.0328335981,0.1076362096,0.0650685777,0.0127552543,0.0176925784,,,
195.3007812500,195.8007812500,0.0185025503,0.0391854796,0.1481197170,0.0553435986,0.0162984703,0.0221005413,,,
195.4003906250,195.9003906250,0.0263910519,0.0440958145,0.1794559809,0.0394618857,0.0213060106,0.0246457742,,,
195.5000000000,196.0000000000,0.0478281391,0.0437384850,0.1969007179,0.0331905942,0.0254809999,0.0238732129,,,
195.5996093750,196.0996093750,0.0840507695,0.0368813446,0.1929826129,0.0584033386,0.0261639912,0.0193836268,,,
195.6992187500,196.1992187500,0.1234795741,0.0258813700,0.1671935464,0.0996467516,0.0239868343,0.0135570505,,,
195.7988281250,196.2988281250,0.1411122933,0.0154320207,0.1308279171,0.1262013620,0.0224871283,0.0086999501,,,
195.8984375000,196.3984375000,0.1332911538,0.0082036098,0.0957292112,0.1355176599,0.0235814881,0.0050213348,,,
195.9980468750,196.4980468750,0.1177978707,0.0045219941,0.0691818671,0.1331229659,0.0273756074,0.0032842719,,,
196.0976562500,196.5976562500,0.1117385454,0.0039463114,0.0550977285,0.1184642997,0.0317889355,0.0042251781,,,
196.1972656250,196.6972656250,0.1232466650,0.0071635943,0.0543469925,0.0960419818,0.0340474193,0.0061989024,,,
196.2968750000,196.7968750000,0.1580615195,0.0149677112,0.0635702997,0.0752630230,0.0329848798,0.0075067504,,,
196.3964843750,196.8964843750,0.2040010394,0.0257400255,0.0788467635,0.0624002423,0.0297119039,0.0087411269,,,
225.9218750000,226.4218750000,0.4733783407,0.0785979250,0.1201679743,0.0471495662,0.0252204231,0.0239752122,,,
226.0214843750,226.5214843750,0.3108682066,0.1105706055,0.0963526456,0.0509406172,0.0263804192,0.0238641477,,,
226.1210937500,226.6210937500,0.2091495019,0.1330622270,0.0740662818,0.0650080681,0.0233940068,0.0219781170,,,
226.2207031250,226.7207031250,0.1919072546,0.1378122839,0.0552276965,0.0936375275,0.0189502922,0.0210004275,,,
226.3203125000,226.8203125000,0.2211704014,0.1222633345,0.0413250581,0.1396255595,0.0157670476,0.0238468232,,,
226.4199218750,226.9199218750,0.2439240838,0.0921161953,0.0305112509,0.1975121021,0.0144592842,0.0324193827,,,
226.5195312500,227.0195312500,0.2368846720,0.0587183296,0.0215001761,0.2614429490,0.0161476017,0.0434435552,,,
226.6191406250,227.1191406250,0.2227218394,0.0351193286,0.0159991252,0.3151689247,0.0206560613,0.0509179296,,,
226.7187500000,227.2187500000,0.2404624514,0.0281284257,0.0193803361,0.3379031062,0.0251692906,0.0507700210,,,
226.8183593750,227.3183593750,0.2969753676,0.0320254746,0.0312903761,0.3219092651,0.0279109018,0.0426123862,,,
226.9179687500,227.4179687500,0.3680980171,0.0369885634,0.0433825134,0.2752641513,0.0284077961,0.0301670818,,,
227.0175781250,227.5175781250,0.4325393536,0.0381059918,0.0496306766,0.2102022604,0.0272349627,0.0188519184,,,
227.1171875000,227.6171875000,0.4750285145,0.0329866834,0.0502789759,0.1474585421,0.0264554672,0.0114334392,,,
227.2167968750,227.7167968750,0.4898929669,0.0220583634,0.0441293306,0.1132651519,0.0271303420,0.0075854221,,,
227.3164062500,227.8164062500,0.4797509004,0.0126831246,0.0303485436,0.1270828401,0.0294242132,0.0055981949,,,
227.4160156250,227.9160156250,0.4466131305,0.0122533438,0.0163277064,0.1913332713,0.0349898464,0.0039359006,,,
227.5156250000,228.0156250000,0.3925347487,0.0198201554,0.0132807712,0.2826442684,0.0444648823,0.0025132114,,,
227.6152343750,228.1152343750,0.3412044700,0.0295615973,0.0229895171,0.3562313683,0.0553530898,0.0016469525,,,
227.7148437500,228.2148437500,0.3017841634,0.0374261192,0.0380351410,0.3825421072,0.0632810818,0.0011645864,,,
227.8144531250,228.3144531250,0.2555033583,0.0415736128,0.0490369916,0.3593376196,0.0656299354,0.0014253666,,,
227.9140625000,228.4140625000,0.2100495985,0.0405724259,0.0520809318,0.2914389247,0.0620756775,0.0034146665,,,
228.0136718750,228.5136718750,0.1921673742,0.0339473415,0.0503659861,0.1902508504,0.0535038600,0.0075645287,,,
228.1132812500,228.6132812500,0.1947140295,0.0250761270,0.0489293676,0.0922321092,0.0417222629,0.0128278482,,,
228.2128906250,228.7128906250,0.2002190909,0.0190867530,0.0504576087,0.0343670586,0.0304162546,0.0179108155,,,
228.3125000000,228.8125000000,0.2148096790,0.0193572044,0.0574180324,0.0158775452,0.0226870564,0.0216219601,,,
228.4121093750,228.9121093750,0.2510068744,0.0237405772,0.0709434897,0.0128948443,0.0193383573,0.0226479029,,,
228.5117187500,229.0117187500,0.2931784895,0.0280288486,0.0836547673,0.0141348011,0.0189225532,0.0208174370,,,
228.6113281250,229.1113281250,0.3122812012,0.0294803647,0.0848120773,0.0180921713,0.0199623030,0.0184612473,,,
228.7109375000,229.2109375000,0.2884678073,0.0271410020,0.0744491790,0.0227793989,0.0216292841,0.0185070892,,,
228.8105468750,229.3105468750,0.2313164577,0.0221470350,0.0604445400,0.0274909284,0.0233690150,0.0217884769,,,
228.9101562500,229.4101562500,0.1640207552,0.0182045539,0.0476830304,0.0307844232,0.0244726068,0.0267670989,,,
229.0097656250,229.5097656250,0.1150371017,0.0167520622,0.0370207937,0.0281624847,0.0259186087,0.0305010419,,,
229.1093750000,229.6093750000,0.1117656655,0.0171587524,0.0295839391,0.0215121156,0.0273375709,0.0304757765,,,
229.2089843750,229.7089843750,0.1557321407,0.0177609495,0.0248211936,0.0158016828,0.0275023254,0.0263505047,,,
229.3085937500,229.8085937500,0.2071088874,0.0155776943,0.0240987184,0.0122619453,0.0273685346,0.0191394828,,,
229.4082031250,229.9082031250,0.2368770972,0.0104318662,0.0280486335,0.0141499081,0.0292028183,0.0113097643,,,
229.5078125000,230.0078125000,0.2400459806,0.0063834448,0.0364499368,0.0296918040,0.0329645131,0.0058913047,,,
229.6074218750,230.1074218750,0.2108285768,0.0049766022,0.0480930283,0.0639366346,0.0371282900,0.0044948996,,,
229.7070312500,230.2070312500,0.1489636570,0.0053949826,0.0589105885,0.1131955920,0.0394393530,0.0068186790,,,
229.8066406250,230.3066406250,0.0878787719,0.0085463426,0.0627796952,0.1578731660,0.0385532917,0.0110455649,,,
229.9062500000,230.4062500000,0.0657337146,0.0159420651,0.0556873503,0.1784082222,0.0354145830,0.0141733680,,,
230.0058593750,230.5058593750,0.0877524331,0.0259207988,0.0418195462,0.1726556730,0.0320903016,0.0145733038,,,
230.1054687500,230.6054687500,0.1365418046,0.0337630826,0.0297449253,0.1516207052,0.0301434586,0.0145049813,,,
230.2050781250,230.7050781250,0.1964137407,0.0364580572,0.0226510470,0.1257141700,0.0311728150,0.0160054012,,,
230.3046875000,230.8046875000,0.2656989472,0.0340901756,0.0220946011,0.1084898188,0.0349884703,0.0169624854,,,
230.4042968750,230.9042968750,0.3364058782,0.0281704938,0.0291144705,0.1063254892,0.0405556619,0.0155747980,,,
230.5039062500,231.0039062500,0.3862966839,0.0197499591,0.0404937770,0.1147848028,0.0468256163,0.0160364015,,,
230.6035156250,231.1035156250,0.4004800302,0.0115355836,0.0492327041,0.1194111695,0.0535074844,0.0202721825,,,
230.7031250000,231.2031250000,0.3780100119,0.0094265904,0.0519881297,0.1113745922,0.0577045581,0.0255163796,,,
230.8027343750,231.3027343750,0.3174663313,0.0150418443,0.0473714436,0.0936511780,0.0558110943,0.0305379147,,,
230.9023437500,231.4023437500,0.2333678566,0.0237243792,0.0383010174,0.0805281641,0.0477710164,0.0355650314,,,
231.0019531250,231.5019531250,0.1620880032,0.0332765366,0.0277985762,0.0739436004,0.0369018421,0.0372050315,,,
231.1015625000,231.6015625000,0.1231483523,0.0447409864,0.0184748206,0.0666304486,0.0255383201,0.0329048793,,,
231.2011718750,231.7011718750,0.1099998745,0.0539486770,0.0158960855,0.0577528481,0.0170801300,0.0239032306,,,
231.3007812500,231.8007812500,0.1140814540,0.0560686358,0.0234399604,0.0542424959,0.0141969479,0.0146114168,,,
231.4003906250,231.9003906250,0.1222080686,0.0501969502,0.0354309614,0.0630305514,0.0148198675,0.0096925758,,,
231.5000000000,232.0000000000,0.1207546413,0.0397592380,0.0422920650,0.0907708426,0.0147346963,0.0108286743,,,
231.5996093750,232.0996093750,0.1216000017,0.0305717897,0.0411104826,0.1328303056,0.0135087068,0.0164279819,,,
231.6992187500,232.1992187500,0.1408179950,0.0263707004,0.0392049735,0.1703666885,0.0119313852,0.0236603809,,,
231.7988281250,232.2988281250,0.1731604982,0.0264704178,0.0504620876,0.1860502476,0.0111146653,0.0305290674,,,
231.8984375000,232.3984375000,0.2016914101,0.0289697738,0.0800020888,0.1755826608,0.0110231944,0.0366944730,,,
231.9980468750,232.4980468750,0.2195832451,0.0303600054,0.1204303056,0.1418373073,0.0110269689,0.0407996076,,,
232.0976562500,232.5976562500,0.2171540023,0.0272979989,0.1542679230,0.0943927504,0.0103198101,0.0402172144,,,
232.1972656250,232.6972656250,0.1908976871,0.0219289178,0.1645114822,0.0506054398,0.0092372316,0.0352509326,,,
232.2968750000,232.7968750000,0.1528259777,0.0200776350,0.1462558178,0.0239365029,0.0078956266,0.0281579037,,,
232.3964843750,232.8964843750,0.1214158132,0.0262923533,0.1166264878,0.0142502456,0.0062186158,0.0198423068,,,
273.9218750000,274.4218750000,0.2361920649,0.0058678593,0.1063438841,0.0905536970,0.0318503597,0.0133280122,,,
274.0214843750,274.5214843750,0.1098557655,0.0046857332,0.0623365949,0.0829256630,0.0413127249,0.0122169106,,,
274.1210937500,274.6210937500,0.0828045125,0.0040773511,0.0333192405,0.1064515779,0.0480754116,0.0118045794,,,
274.2207031250,274.7207031250,0.1058088119,0.0037319537,0.0233019362,0.1554968468,0.0473120579,0.0119608116,,,
274.3203125000,274.8203125000,0.1278779436,0.0042743095,0.0252219978,0.2165955157,0.0397477214,0.0116583660,,,
274.4199218750,274.9199218750,0.1441990654,0.0063374850,0.0252983392,0.2690413541,0.0302154629,0.0113564859,,,
274.5195312500,275.0195312500,0.1685951761,0.0116532682,0.0211787698,0.2928429523,0.0224649593,0.0127214109,,,
274.6191406250,275.1191406250,0.2022627954,0.0206710483,0.0191068039,0.2816049761,0.0164329750,0.0166554510,,,
274.7187500000,275.2187500000,0.2322077628,0.0297248582,0.0196678986,0.2393648926,0.0118233160,0.0228147458,,,
274.8183593750,275.3183593750,0.2427218136,0.0343164423,0.0230400150,0.1767346737,0.0092204422,0.0296852262,,,
274.9179687500,275.4179687500,0.2301494432,0.0331058680,0.0304086532,0.1104560185,0.0084432951,0.0338423906,,,
275.0175781250,275.5175781250,0.2037039998,0.0270532946,0.0399787874,0.0669740928,0.0086304794,0.0321342265,,,
275.1171875000,275.6171875000,0.1690593870,0.0180817866,0.0547160364,0.0675451904,0.0118425769,0.0254959602,,,
275.2167968750,275.7167968750,0.1330569597,0.0102443605,0.0821234830,0.1154845747,0.0201725090,0.0179319181,,,
275.3164062500,275.8164062500,0.1260731702,0.0069640693,0.1220595695,0.1875123953,0.0302220644,0.0127347001,,,
275.4160156250,275.9160156250,0.1516929247,0.0073106239,0.1652776544,0.2459574759,0.0349405221,0.0100832199,,,
275.5156250000,276.0156250000,0.1732529245,0.0083950071,0.1981685478,0.2690194286,0.0334542614,0.0091868438,,,
275.6152343750,276.1152343750,0.1692385091,0.0097423680,0.2089297563,0.2544340655,0.0283650075,0.0091678452,,,
275.7148437500,276.2148437500,0.1520947877,0.0115739810,0.1932780292,0.2044776264,0.0208838545,0.0089037189,,,
275.8144531250,276.3144531250,0.1218020968,0.0128001883,0.1550572437,0.1315764766,0.0146800998,0.0071932061,,,
275.9140625000,276.4140625000,0.0739186616,0.0127000689,0.1077265122,0.0641840535,0.0149507186,0.0048254851,,,
276.0136718750,276.5136718750,0.0321103027,0.0116860898,0.0773332233,0.0275779781,0.0206761258,0.0030939867,,,
276.1132812500,276.6132812500,0.0256282596,0.0120688157,0.0821548215,0.0231906688,0.0264539240,0.0025931353,,,
276.2128906250,276.7128906250,0.0484980234,0.0162708439,0.1102788169,0.0352250775,0.0293235576,0.0028201506,,,
276.3125000000,276.8125000000,0.0894164922,0.0256450216,0.1396067054,0.0473629806,0.0276154874,0.0032666647,,,
276.4121093750,276.9121093750,0.1407071570,0.0402887198,0.1574638170,0.0537546069,0.0224993268,0.0040356313,,,
276.5117187500,277.0117187500,0.1805289065,0.0565400536,0.1562210487,0.0566110156,0.0162462254,0.0056452717,,,
276.6113281250,277.1113281250,0.1921055042,0.0652742368,0.1355529745,0.0660867761,0.0106756114,0.0077636444,,,
276.7109375000,277.2109375000,0.1750448240,0.0630414852,0.1061231658,0.0981261199,0.0064938664,0.0096020535,,,
276.8105468750,277.3105468750,0.1392631028,0.0538245731,0.0833320940,0.1520935963,0.0046860696,0.0113244938,,,
276.9101562500,277.4101562500,0.0964345328,0.0419709654,0.0772906772,0.2021775013,0.0055293458,0.0134908263,,,
277.0097656250,277.5097656250,0.0593884498,0.0311417435,0.0887216757,0.2294023073,0.0082087863,0.0163923979,,,
277.1093750000,277.6093750000,0.0378139222,0.0254363931,0.1067287416,0.2282893135,0.0113474653,0.0196806574,,,
277.2089843750,277.7089843750,0.0336646589,0.0239864740,0.1195045592,0.1935735365,0.0131431400,0.0229852241,,,
277.3085937500,277.8085937500,0.0409408470,0.0228593021,0.1228772689,0.1314108084,0.0128999587,0.0263439724,,,
277.4082031250,277.9082031250,0.0615744843,0.0205435006,0.1144053713,0.0684144841,0.0111806162,0.0295875430,,,
277.5078125000,278.0078125000,0.0932242693,0.0178865692,0.0952345599,0.0286911843,0.0087675734,0.0316559211,,,
277.6074218750,278.1074218750,0.1162910612,0.0161705996,0.0714366421,0.0135759700,0.0063276296,0.0320447327,,,
277.7070312500,278.2070312500,0.1194900106,0.0160956134,0.0499369007,0.0161949064,0.0045543774,0.0313530591,,,
277.8066406250,278.3066406250,0.1085567057,0.0174851448,0.0354394785,0.0330433413,0.0039747229,0.0299152545,,,
277.9062500000,278.4062500000,0.0848289748,0.0184991975,0.0319358200,0.0611707775,0.0044863567,0.0291712000,,,
278.0058593750,278.5058593750,0.0523284813,0.0171557294,0.0381756100,0.0882126831,0.0053582892,0.0326290463,,,
278.1054687500,278.6054687500,0.0288247310,0.0141019334,0.0491430515,0.1046698579,0.0057944923,0.0431348602,,,
278.2050781250,278.7050781250,0.0292955281,0.0105496804,0.0594264640,0.1061177892,0.0064429996,0.0585942204,,,
278.3046875000,278.8046875000,0.0456863923,0.0067712808,0.0629116404,0.0937212684,0.0078269662,0.0734189723,,,
278.4042968750,278.9042968750,0.0568592971,0.0041206712,0.0577448885,0.0742435411,0.0085369340,0.0823177015,,,
278.5039062500,279.0039062500,0.0574966736,0.0046580872,0.0477941459,0.0597867274,0.0077869994,0.0809351819,,,
278.6035156250,279.1035156250,0.0631589360,0.0079177055,0.0388997006,0.0557517491,0.0063701790,0.0679619142,,,
278.7031250000,279.2031250000,0.0816712469,0.0113355846,0.0316895842,0.0569465487,0.0058692527,0.0486624420,,,
278.8027343750,279.3027343750,0.1010054008,0.0134014116,0.0268872846,0.0581679686,0.0077391337,0.0310870304,,,
278.9023437500,279.4023437500,0.1206597067,0.0133972835,0.0324670211,0.0552100505,0.0123989717,0.0201583987,,,
279.0019531250,279.5019531250,0.1542006879,0.0115321722,0.0506782414,0.0540627447,0.0189066397,0.0180945687,,,
279.1015625000,279.6015625000,0.2104456100,0.0092608152,0.0722961025,0.0732630710,0.0251395713,0.0227073297,,,
279.2011718750,279.7011718750,0.2968054732,0.0088975334,0.0929728981,0.1243357133,0.0285856307,0.0273727342,,,
279.3007812500,279.8007812500,0.4168676415,0.0113522360,0.1108059954,0.1834054153,0.0276965064,0.0279288248,,,
279.4003906250,279.9003906250,0.5421982751,0.0165114725,0.1230927707,0.2270503627,0.0231689305,0.0240974120,,,
279.5000000000,280.0000000000,0.6236002768,0.0233273006,0.1399290893,0.2437929966,0.0166477023,0.0172102213,,,
279.5996093750,280.0996093750,0.6414646471,0.0303742528,0.1696383138,0.2253920964,0.0104079727,0.0100765033,,,
279.6992187500,280.1992187500,0.6089400095,0.0355362624,0.2000790982,0.1720341758,0.0062742315,0.0054126843,,,
279.7988281250,280.2988281250,0.5512143766,0.0366568352,0.2176688509,0.1085611883,0.0051660177,0.0033052972,,,
279.8984375000,280.3984375000,0.5231307052,0.0328421490,0.2155604715,0.0635538342,0.0093324040,0.0032191742,,,
279.9980468750,280.4980468750,0.5645948301,0.0257496009,0.1859016496,0.0499149690,0.0200612983,0.0054103769,,,
280.0976562500,280.5976562500,0.6368715590,0.0172310301,0.1299014446,0.0661336599,0.0322722083,0.0097160735,,,
280.1972656250,280.6972656250,0.6796983259,0.0089012327,0.0768071648,0.1044131021,0.0398945646,0.0149721739,,,
280.2968750000,280.7968750000,0.6749452482,0.0034599192,0.0632104797,0.1591058230,0.0410449686,0.0194157247,,,
280.3964843750,280.8964843750,0.6267408132,0.0030664339,0.0899083707,0.2198536219,0.0365113063,0.0224553820,,,
297.9218750000,298.4218750000,0.0924503465,0.0169359688,0.0851767158,0.1165681765,0.0093017349,0.0398852031,,,
298.0214843750,298.5214843750,0.1115302657,0.0174241537,0.0959554158,0.1644536174,0.0053296061,0.0408587608,,,
298.1210937500,298.6210937500,0.1215391939,0.0245716417,0.1090450631,0.2079392990,0.0023388277,0.0374774303,,,
298.2207031250,298.7207031250,0.1300350475,0.0381099424,0.1078174156,0.2283755824,0.0012161927,0.0350031618,,,
298.3203125000,298.8203125000,0.1322328357,0.0534197643,0.0896491266,0.2202642729,0.0012545907,0.0387286734,,,
298.4199218750,298.9199218750,0.1103834392,0.0620892217,0.0658466050,0.1905892184,0.0017744002,0.0494965573,,,
298.5195312500,299.0195312500,0.0779441999,0.0591614967,0.0543374521,0.1525824406,0.0035568281,0.0622363974,,,
298.6191406250,299.1191406250,0.0571159536,0.0491491845,0.0626899313,0.1245235436,0.0067014461,0.0693961555,,,
298.7187500000,299.2187500000,0.0531589874,0.0403036197,0.0826449864,0.1130927112,0.0107075730,0.0654205687,,,
298.8183593750,299.3183593750,0.0581853258,0.0359304936,0.0978695288,0.1140440621,0.0155089257,0.0507800085,,,
298.9179687500,299.4179687500,0.0569568264,0.0357893705,0.0953754783,0.1219386821,0.0196010739,0.0311280794,,,
299.0175781250,299.5175781250,0.0530900835,0.0372634786,0.0793750595,0.1285491523,0.0207028317,0.0145214232,,,
299.1171875000,299.6171875000,0.0696519796,0.0358475374,0.0676638766,0.1271778445,0.0185902135,0.0068925626,,,
299.2167968750,299.7167968750,0.1118268741,0.0303886793,0.0739779082,0.1167300082,0.0145305638,0.0074747466,,,
299.3164062500,299.8164062500,0.1568873469,0.0240181378,0.0986757709,0.0983374781,0.0094627648,0.0107297540,,,
299.4160156250,299.9160156250,0.1978858211,0.0212523588,0.1302408837,0.0772041999,0.0051159410,0.0130993616,,,
299.5156250000,300.0156250000,0.2384870562,0.0230929537,0.1469498067,0.0656402713,0.0032033196,0.0133985420,,,
299.6152343750,300.1152343750,0.2714902691,0.0253713527,0.1379865396,0.0715069622,0.0042924413,0.0121146461,,,
299.7148437500,300.2148437500,0.2814637354,0.0240754793,0.1116405647,0.1016551876,0.0084266970,0.0116093741,,,
299.8144531250,300.3144531250,0.2622177927,0.0203655299,0.0829681179,0.1616179789,0.0152651743,0.0146823035,,,
299.9140625000,300.4140625000,0.2276323625,0.0165043710,0.0650184049,0.2316157643,0.0241819192,0.0208189110,,,
300.0136718750,300.5136718750,0.1875425220,0.0136685151,0.0723076648,0.2735144487,0.0338041269,0.0273967516,,,
300.1132812500,300.6132812500,0.1337953394,0.0132215780,0.1051926665,0.2722582873,0.0425105047,0.0318938579,,,
300.2128906250,300.7128906250,0.0755910637,0.0151485940,0.1456805891,0.2427819026,0.0486931963,0.0327654928,,,
300.3125000000,300.8125000000,0.0481060984,0.0189002993,0.1747282139,0.1967740654,0.0510991351,0.0291391524,,,
300.4121093750,300.9121093750,0.0543055080,0.0249880202,0.1807689456,0.1457486305,0.0479304449,0.0229443069,,,
300.5117187500,301.0117187500,0.0727245292,0.0326052180,0.1641923519,0.1125182354,0.0399476945,0.0186038640,,,
300.6113281250,301.1113281250,0.0925714094,0.0388035867,0.1338248409,0.1028006515,0.0299467452,0.0183720996,,,
300.7109375000,301.2109375000,0.1091918481,0.0404483173,0.1014868287,0.0996285821,0.0206585305,0.0197837961,,,
300.8105468750,301.3105468750,0.1290349846,0.0366616297,0.0795713326,0.0974939355,0.0145478871,0.0205532202,,,
300.9101562500,301.4101562500,0.1513240961,0.0286251541,0.0785527104,0.1087421041,0.0140586972,0.0206977398,,,
301.0097656250,301.5097656250,0.1557058506,0.0186736458,0.0985956465,0.1338884579,0.0190051520,0.0195729596,,,
301.1093750000,301.6093750000,0.1411071347,0.0098046302,0.1262753555,0.1689932284,0.0264447209,0.0161782432,,,
301.2089843750,301.7089843750,0.1278259537,0.0045206658,0.1469184225,0.2105792674,0.0318932854,0.0116627011,,,
301.3085937500,301.8085937500,0.1177109770,0.0036524794,0.1570325365,0.2450757133,0.0318354665,0.0079420841,,,
301.4082031250,301.9082031250,0.1069368754,0.0051934478,0.1651673050,0.2555475687,0.0270311849,0.0054483166,,,
301.5078125000,302.0078125000,0.1133472027,0.0065611565,0.1738641308,0.2422796576,0.0206222773,0.0035992426,,,
301.6074218750,302.1074218750,0.1410552133,0.0073595199,0.1803969405,0.2111756187,0.0153692624,0.0022121283,,,
301.7070312500,302.2070312500,0.1779329650,0.0082439622,0.1844385846,0.1660459553,0.0130358346,0.0015137980,,,
301.8066406250,302.3066406250,0.2203882977,0.0085591605,0.1889331097,0.1197889887,0.0145635590,0.0014599183,,,
301.9062500000,302.4062500000,0.2769606234,0.0098188102,0.1896153327,0.0878071534,0.0184681510,0.0032009338,,,
302.0058593750,302.5058593750,0.3360130547,0.0144602946,0.1822358302,0.0851384525,0.0212202736,0.0080640513,,,
302.1054687500,302.6054687500,0.3649175742,0.0208618985,0.1644340519,0.1122942459,0.0202706540,0.0138720865,,,
302.2050781250,302.7050781250,0.3506688890,0.0263541338,0.1391084549,0.1459570681,0.0164093603,0.0171683307,,,
302.3046875000,302.8046875000,0.2992282213,0.0305542867,0.1100705445,0.1598703130,0.0116440173,0.0177151138,,,
302.4042968750,302.9042968750,0.2225787480,0.0321970537,0.0815026807,0.1483903591,0.0072912550,0.0160074263,,,
302.5039062500,303.0039062500,0.1406836542,0.0296462910,0.0583524962,0.1164470123,0.0042696698,0.0125802791,,,
302.6035156250,303.1035156250,0.0880866992,0.0254081358,0.0455037269,0.0755217218,0.0043411237,0.0112969753,,,
302.7031250000,303.2031250000,0.0769974837,0.0232456989,0.0391156728,0.0442301827,0.0097579286,0.0161689217,,,
302.8027343750,303.3027343750,0.0915780142,0.0247974691,0.0334152817,0.0459017374,0.0213467213,0.0246795279,,,
302.9023437500,303.4023437500,0.1029154737,0.0296117430,0.0295903444,0.0928312034,0.0349343675,0.0306916587,,,
303.0019531250,303.5019531250,0.0997009607,0.0372006224,0.0262643104,0.1634174454,0.0448816085,0.0313397792,,,
303.1015625000,303.6015625000,0.0930669948,0.0460988971,0.0239579462,0.2191562293,0.0480805074,0.0273629304,,,
303.2011718750,303.7011718750,0.0888497138,0.0533559808,0.0295000121,0.2446033976,0.0445547921,0.0198564418,,,
303.3007812500,303.8007812500,0.0859567566,0.0538536448,0.0412881578,0.2418000371,0.0366717158,0.0108385761,,,
303.4003906250,303.9003906250,0.0893722825,0.0469817291,0.0559938285,0.2114758195,0.0290232714,0.0047055994,,,
303.5000000000,304.0000000000,0.0977241618,0.0369906714,0.0823720380,0.1668071977,0.0243471372,0.0042488498,,,
303.5996093750,304.0996093750,0.1068269792,0.0272495565,0.1186519883,0.1381495785,0.0215727463,0.0072049387,,,
303.6992187500,304.1992187500,0.1185909328,0.0178559208,0.1537694679,0.1362381009,0.0198318716,0.0097422336,,,
303.7988281250,304.2988281250,0.1341158536,0.0104248068,0.1914367198,0.1431247457,0.0186849385,0.0111810968,,,
303.8984375000,304.3984375000,0.1519145286,0.0071614302,0.2314711644,0.1434722536,0.0166755912,0.0113582725,,,
303.9980468750,304.4980468750,0.1732739745,0.0082019968,0.2544645658,0.1364740431,0.0142365230,0.0098487123,,,
304.0976562500,304.5976562500,0.1978958127,0.0132645493,0.2478048441,0.1307037695,0.0150835190,0.0079792663,,,
304.1972656250,304.6972656250,0.2196247122,0.0221996691,0.2192528811,0.1335319101,0.0200977517,0.0080998860,,,
304.2968750000,304.7968750000,0.2320764679,0.0325789350,0.1819187326,0.1500275220,0.0254802766,0.0099624396,,,
304.3964843750,304.8964843750,0.2320509485,0.0396480439,0.1499136416,0.1713084854,0.0283244194,0.0121273855,,,
381.9218750000,382.4218750000,0.6163666086,0.0391027520,0.0699652584,0.1986934439,0.0415662851,0.0081194244,,,
382.0214843750,382.5214843750,0.7502465071,0.0378806545,0.0936376780,0.1767721418,0.0279118626,0.0121081110,,,
382.1210937500,382.6210937500,0.8217272236,0.0381229886,0.1183170376,0.1330526279,0.0182993488,0.0180466407,,,
382.2207031250,382.7207031250,0.8188969271,0.0394086178,0.1327724079,0.0913867884,0.0138060625,0.0230165543,,,
382.3203125000,382.8203125000,0.7482000216,0.0411580220,0.1270719883,0.0842313783,0.0120576034,0.0243658260,,,
382.4199218750,382.9199218750,0.6241240229,0.0406867682,0.1092450282,0.1308139539,0.0120281108,0.0217611486,,,
382.5195312500,383.0195312500,0.4763045000,0.0367673601,0.0931191179,0.2231195606,0.0152355680,0.0160819562,,,
382.6191406250,383.1191406250,0.3685533884,0.0295576879,0.0816436309,0.3134420725,0.0227581866,0.0090583515,,,
382.7187500000,383.2187500000,0.3302467346,0.0194229782,0.0737226684,0.3654298720,0.0324678013,0.0041175260,,,
382.8183593750,383.3183593750,0.3277956070,0.0097531498,0.0693305083,0.3681166740,0.0398399972,0.0040882138,,,
382.9179687500,383.4179687500,0.3216737800,0.0045851837,0.0601457523,0.3254490587,0.0428356084,0.0078708131,,,
383.0175781250,383.5175781250,0.2888171482,0.0038079840,0.0427447503,0.2439364228,0.0409844216,0.0112807869,,,
383.1171875000,383.6171875000,0.2313646269,0.0038341506,0.0260123625,0.1547243411,0.0351858694,0.0121873846,,,
383.2167968750,383.7167968750,0.1789923528,0.0034858630,0.0166380890,0.0976087237,0.0281910699,0.0124019833,,,
383.3164062500,383.8164062500,0.1574135659,0.0032659853,0.0134063482,0.0944721752,0.0244230227,0.0138387787,,,
383.4160156250,383.9160156250,0.1750390824,0.0032924607,0.0132051188,0.1326560264,0.0248851766,0.0166822198,,,
383.5156250000,384.0156250000,0.2223901547,0.0033601599,0.0115258666,0.1734787148,0.0281358957,0.0205927294,,,
383.6152343750,384.1152343750,0.2847030857,0.0040096541,0.0091177675,0.1872546012,0.0315617198,0.0243279921,,,
383.7148437500,384.2148437500,0.3516981905,0.0059334217,0.0132513458,0.1719903771,0.0339773790,0.0256325892,,,
383.8144531250,384.3144531250,0.3965531727,0.0092026596,0.0234564844,0.1459838296,0.0347797462,0.0240015413,,,
383.9140625000,384.4140625000,0.3959391140,0.0134240670,0.0377255975,0.1257692199,0.0339452074,0.0206315050,,,
384.0136718750,384.5136718750,0.3489930821,0.0174995966,0.0592131572,0.1216166198,0.0311679287,0.0175047135,,,
384.1132812500,384.6132812500,0.2792596671,0.0192553761,0.0907197676,0.1345772248,0.0263862648,0.0159219142,,,
384.2128906250,384.7128906250,0.2186773822,0.0184932456,0.1216452030,0.1588032781,0.0202148459,0.0150834417,,,
384.3125000000,384.8125000000,0.1977566400,0.0184799202,0.1414348581,0.1801820196,0.0139108021,0.0136884960,,,
384.4121093750,384.9121093750,0.2016181950,0.0217107267,0.1463114646,0.1856404597,0.0087267267,0.0115377868,,,
384.5117187500,385.0117187500,0.2028860048,0.0288615442,0.1354070093,0.1750483377,0.0051847715,0.0096411445,,,
384.6113281250,385.1113281250,0.2067415273,0.0382033057,0.1143788794,0.1594161603,0.0041566216,0.0101792828,,,
384.7109375000,385.2109375000,0.2174097970,0.0444264997,0.0930607572,0.1474781020,0.0052735341,0.0148428954,,,
384.8105468750,385.3105468750,0.2392079837,0.0433281083,0.0881740638,0.1429833791,0.0073229366,0.0217157942,,,
384.9101562500,385.4101562500,0.2831872364,0.0362014014,0.1189446212,0.1464352306,0.0097169077,0.0268518801,,,
385.0097656250,385.5097656250,0.3377454926,0.0264002821,0.1887084325,0.1661075083,0.0118495654,0.0285952554,,,
385.1093750000,385.6093750000,0.3603484409,0.0173552705,0.2677335545,0.2091367749,0.0129575888,0.0270406321,,,
385.2089843750,385.7089843750,0.3298162366,0.0135466554,0.3193988070,0.2681259233,0.0129799882,0.0228721600,,,
385.3085937500,385.8085937500,0.2566121124,0.0148362243,0.3290623248,0.3233546856,0.0130273772,0.0173569820,,,
385.4082031250,385.9082031250,0.1805335470,0.0163293188,0.2959837020,0.3625904626,0.0133541694,0.0125408439,,,
385.5078125000,386.0078125000,0.1457330136,0.0157863060,0.2283556023,0.3815066765,0.0139797593,0.0091881949,,,
385.6074218750,386.1074218750,0.1579668050,0.0150706865,0.1447209286,0.3747530319,0.0144600742,0.0079058692,,,
385.7070312500,386.2070312500,0.1934787521,0.0154203301,0.0785125548,0.3405493163,0.0141715021,0.0083016206,,,
385.8066406250,386.3066406250,0.2203155419,0.0177359120,0.0477801074,0.2901771861,0.0123855923,0.0084578240,,,
385.9062500000,386.4062500000,0.2193395433,0.0226506123,0.0417763244,0.2385347498,0.0095027467,0.0074905644,,,
386.0058593750,386.5058593750,0.1943964746,0.0279929447,0.0398933741,0.1951874515,0.0065296703,0.0068377340,,,
386.1054687500,386.6054687500,0.1637932202,0.0314329634,0.0347296581,0.1736129207,0.0048162100,0.0064428786,,,
386.2050781250,386.7050781250,0.1316548368,0.0337412841,0.0324773045,0.1834366353,0.0051738878,0.0054393917,,,
386.3046875000,386.8046875000,0.0986644015,0.0349519889,0.0376883074,0.2092552648,0.0066007558,0.0049151588,,,
386.4042968750,386.9042968750,0.0708252447,0.0335567527,0.0459408686,0.2258122762,0.0070999591,0.0069425842,,,
386.5039062500,387.0039062500,0.0553167603,0.0294266959,0.0505986862,0.2189808871,0.0064834802,0.0118754988,,,
386.6035156250,387.1035156250,0.0642998053,0.0235910008,0.0528315131,0.1916227043,0.0051980144,0.0189328838,,,
386.7031250000,387.2031250000,0.1032908414,0.0163179502,0.0597260799,0.1565848112,0.0040623514,0.0269693903,,,
386.8027343750,387.3027343750,0.1451691992,0.0090094829,0.0770196126,0.1304221393,0.0049910033,0.0347910569,,,
386.9023437500,387.4023437500,0.1632189867,0.0045271225,0.1031848510,0.1188256137,0.0095034042,0.0401256834,,,
387.0019531250,387.5019531250,0.1575183687,0.0046634738,0.1293693618,0.1147208263,0.0153242841,0.0408842152,,,
387.1015625000,387.6015625000,0.1360338843,0.0091346579,0.1437989267,0.1109152236,0.0200807912,0.0388968864,,,
387.2011718750,387.7011718750,0.1124612091,0.0164584448,0.1364047338,0.0956737404,0.0227557763,0.0391225932,,,
387.3007812500,387.8007812500,0.1046656340,0.0255980047,0.1079520695,0.0638072626,0.0235945201,0.0438906421,,,
387.4003906250,387.9003906250,0.1233916059,0.0350112264,0.0697743387,0.0313012098,0.0241893471,0.0527351613,,,
387.5000000000,388.0000000000,0.1545270947,0.0420532381,0.0375041576,0.0187971374,0.0268468313,0.0621438121,,,
387.5996093750,388.0996093750,0.1729430789,0.0445815373,0.0207695661,0.0181000121,0.0306335866,0.0663530206,,,
387.6992187500,388.1992187500,0.1669765584,0.0418676573,0.0188316951,0.0164591497,0.0330534369,0.0619288559,,,
387.7988281250,388.2988281250,0.1463373320,0.0354978724,0.0223635929,0.0168025672,0.0324576834,0.0518910541,,,
387.8984375000,388.3984375000,0.1248142201,0.0282154266,0.0257070251,0.0268701973,0.0274640953,0.0437531822,,,
387.9980468750,388.4980468750,0.1125222829,0.0231506435,0.0290420721,0.0458857551,0.0193145419,0.0477179028,,,
388.0976562500,388.5976562500,0.1110460864,0.0241027999,0.0331352209,0.0655017527,0.0123210593,0.0681734202,,,
388.1972656250,388.6972656250,0.1101781802,0.0339954033,0.0401594921,0.0764098665,0.0090860948,0.0969953275,,,
388.2968750000,388.7968750000,0.1111811020,0.0486774719,0.0512640071,0.0761308479,0.0087512836,0.1205861389,,,
388.3964843750,388.8964843750,0.1581553213,0.0589013908,0.0641343473,0.0691088930,0.0099412047,0.1284840515,,,
